,Unnamed: 0,source,word,freq_lcnl,freq_lcnl_log,freq_lcnl_log_flipscale,aoa_mean,aoa_sd,aoa_mean_scale,tasa_1,tasa_2,tasa_3,Has_freq,Has_aoa,Filter,score,Word,SUBTLWF,freq_lcnl_extended,freq_lcnl_extended_log,freq_lcnl_extended_log_flipscale,score_extended
1,7485,3k,the,9565.0,3.9807303765359454,0.0,3.983747,2.33,1.5934988,50950.0,48534.0,57939.0,True,True,True,3.983747,the,29449.176470588234,9565.0,3.9807303765359454,0.0,3.983747
4,54,3k,and,6832.0,3.834611420722687,0.1461189558132583,4.569882,1.94,1.8279528000000003,17513.0,19697.0,24657.0,True,True,True,5.154357823253033,and,13387.843137254902,6832.0,3.834611420722687,0.1461189558132583,5.154357823253033
9,8565,3k,you,2280.0,3.3581252852766488,0.6226050912592966,4.3460849999999995,1.88,1.738434,15472.0,11867.0,12090.0,True,True,True,6.836505365037186,you,41857.117647058825,2280.0,3.3581252852766488,0.6226050912592966,6.836505365037186
14,6113,3k,she,1446.0,3.1604685311190375,0.8202618454169079,3.5681239999999996,1.39,1.4272496000000001,8129.0,7181.0,6654.0,True,True,True,6.849171381667631,she,3732.8823529411766,1446.0,3.1604685311190375,0.8202618454169079,6.849171381667631
15,3276,3k,his,1313.0,3.118595365223762,0.8621350113121835,3.6853510000000003,1.29,1.4741403999999998,5402.0,6097.0,6917.0,True,True,True,7.133891045248735,his,2124.7843137254904,1313.0,3.118595365223762,0.8621350113121835,7.133891045248735
26,4290,3k,me,757.0,2.8796692056320534,1.101061170903892,3.280385,1.5,1.312154,4027.0,2813.0,2606.0,True,True,True,7.684629683615568,me,9241.941176470587,757.0,2.8796692056320534,1.101061170903892,7.684629683615568
36,4636,3k,no,534.0,2.7283537820212285,1.252376594514717,2.715564,1.94,1.0862256000000001,2612.0,2188.0,2165.0,True,True,True,7.725070378058868,#N/A,#N/A,534.0,2.7283537820212285,1.252376594514717,7.725070378058868
30,4736,3k,one,682.0,2.8344207036815328,1.1463096728544127,3.2271,1.31,1.29084,3476.0,3331.0,3711.0,True,True,True,7.812338691417651,one,3072.235294117647,682.0,2.8344207036815328,1.1463096728544127,7.812338691417651
31,4758,3k,out,694.0,2.8419848045901137,1.1387455719458317,3.280385,1.56,1.312154,3825.0,3455.0,3520.0,True,True,True,7.835367287783327,out,3865.3137254901962,694.0,2.8419848045901137,1.1387455719458317,7.835367287783327
23,2451,3k,for,1177.0,3.0711452904510828,0.9095850860848627,4.388713,1.97,1.7554851999999999,5851.0,5615.0,6423.0,True,True,True,8.02705334433945,for,6895.098039215686,1177.0,3.0711452904510828,0.9095850860848627,8.02705334433945
24,45,3k,all,1080.0,3.03382569395331,0.9469046825826353,4.239515,1.4,1.6958060000000001,3931.0,3788.0,3965.0,True,True,True,8.02713373033054,all,5161.862745098039,1080.0,3.03382569395331,0.9469046825826353,8.02713373033054
34,4668,3k,not,830.0,2.919601023784111,1.0611293527518346,3.887834,2.22,1.5551336,5662.0,3814.0,4116.0,True,True,True,8.132351411007338,not,5424.9607843137255,830.0,2.919601023784111,1.0611293527518346,8.132351411007338
28,8382,3k,with,1127.0,3.0523090996473234,0.9284212768886219,4.441998,1.59,1.7767992,4181.0,4111.0,5084.0,True,True,True,8.155683107554488,with,5048.333333333333,1127.0,3.0523090996473234,0.928421276888622,8.155683107554488
38,1770,3k,do,693.0,2.841359470454855,1.1393709060810906,3.6,1.6,1.44,4560.0,3284.0,3113.0,True,True,True,8.157483624324362,do,6135.588235294118,693.0,2.841359470454855,1.1393709060810906,8.157483624324362
48,2808,3k,go,547.0,2.738780558484369,1.2419498180515762,3.37,1.46,1.348,3313.0,2054.0,1710.0,True,True,True,8.337799272206304,go,3793.0392156862745,547.0,2.738780558484369,1.2419498180515762,8.337799272206304
33,817,3k,but,1097.0,3.040602340114073,0.9401280364218721,4.601853,2.45,1.8407412,5172.0,4711.0,5113.0,True,True,True,8.36236514568749,but,4417.470588235294,1097.0,3.040602340114073,0.9401280364218723,8.36236514568749
50,3263,3k,him,555.0,2.7450747915820575,1.235655584953888,3.429583,1.21,1.3718332,2780.0,2891.0,3176.0,True,True,True,8.372205339815551,him,3484.5098039215686,555.0,2.7450747915820575,1.235655584953888,8.372205339815551
47,3154,3k,have,638.0,2.8055008581584002,1.1752295183775452,3.72,1.96,1.4880000000000002,4736.0,3798.0,4251.0,True,True,True,8.420918073510181,have,6161.411764705882,638.0,2.8055008581584002,1.1752295183775452,8.420918073510181
45,8246,3k,what,679.0,2.832508912706236,1.1482214638297092,3.855863,1.37,1.5423452,4928.0,3885.0,3879.0,True,True,True,8.448748855318836,#N/A,#N/A,679.0,2.832508912706236,1.1482214638297092,8.448748855318836
57,330,3k,big,383.0,2.584331224367531,1.3963991521684145,2.89,1.08,1.156,2826.0,1342.0,969.0,True,True,True,8.475596608673658,big,682.8235294117648,383.0,2.584331224367531,1.3963991521684145,8.475596608673658
51,3983,3k,like,572.0,2.75815462196739,1.2225757545685556,3.6853510000000003,1.89,1.4741403999999998,3487.0,2649.0,2660.0,True,True,True,8.575654018274223,like,3998.9607843137255,572.0,2.75815462196739,1.2225757545685556,8.575654018274223
59,6015,3k,see,382.0,2.583198773968623,1.3975316025673226,3.06,1.43,1.224,3548.0,2167.0,2099.0,True,True,True,8.65012641026929,see,2556.725490196078,382.0,2.583198773968623,1.3975316025673226,8.65012641026929
44,7501,3k,they,1078.0,3.0330214446829107,0.9477089318530347,4.878935,1.87,1.9515740000000001,5819.0,5999.0,6632.0,True,True,True,8.66977072741214,they,4102.941176470588,1078.0,3.0330214446829107,0.9477089318530347,8.66977072741214
52,8261,3k,when,675.0,2.829946695941636,1.1507836805943095,4.239515,1.8,1.6958060000000001,2676.0,3114.0,3651.0,True,True,True,8.842649722377239,when,2034.0980392156862,675.0,2.829946695941636,1.1507836805943095,8.842649722377239
41,7479,3k,that,1383.0,3.141136090120739,0.8395942864152066,5.529012000000001,2.06,2.2116048,6087.0,6786.0,8610.0,True,True,True,8.887389145660826,that,14111.313725490196,1383.0,3.141136090120739,0.8395942864152066,8.887389145660826
49,3226,3k,her,1026.0,3.0115704435972783,0.969159932938667,5.092075,2.45,2.03683,4345.0,4828.0,5016.0,True,True,True,8.968714731754668,her,2835.823529411765,1026.0,3.0115704435972783,0.9691599329386671,8.96871473175467
69,2690,3k,get,331.0,2.5211380837040362,1.4595922928319092,3.17,1.29,1.268,3482.0,2259.0,1973.0,True,True,True,9.008369171327637,get,4583.764705882353,331.0,2.5211380837040362,1.4595922928319092,9.008369171327637
77,3375,3k,house,310.0,2.4927603890268375,1.487969987509108,3.16,1.07,1.264,1821.0,1217.0,1032.0,True,True,True,9.111879950036432,house,514.0,310.0,2.4927603890268375,1.487969987509108,9.111879950036432
60,8570,3k,your,510.0,2.708420900134713,1.2723094764012326,4.100974,1.92,1.6403896,2554.0,2406.0,2815.0,True,True,True,9.19021190560493,your,6445.392156862745,510.0,2.708420900134713,1.2723094764012326,9.19021190560493
75,2829,3k,good,366.0,2.5646660642520893,1.416064312283856,3.55,1.61,1.42,1989.0,1342.0,1322.0,True,True,True,9.214257249135425,good,2610.1372549019607,366.0,2.5646660642520893,1.416064312283856,9.214257249135425
83,1308,3k,come,287.0,2.459392487759231,1.5213378887767144,3.32,1.42,1.328,2052.0,1374.0,1231.0,True,True,True,9.405351555106858,#N/A,#N/A,287.0,2.459392487759231,1.5213378887767144,9.405351555106858
90,1786,3k,dog,211.0,2.326335860928751,1.6543945156071942,2.8,1.2,1.12,1241.0,566.0,397.0,True,True,True,9.417578062428777,dog,192.84313725490196,211.0,2.326335860928751,1.6543945156071942,9.417578062428777
67,869,3k,can,507.0,2.7058637122839193,1.274866664252026,4.32,2.26,1.7280000000000002,5068.0,2608.0,2656.0,True,True,True,9.419466657008105,can,5247.450980392156,507.0,2.7058637122839193,1.274866664252026,9.419466657008105
84,4731,3k,old,326.0,2.514547752660286,1.4661826238756595,3.72,1.36,1.4880000000000002,1100.0,1121.0,1050.0,True,True,True,9.584730495502638,old,608.9411764705883,326.0,2.514547752660286,1.4661826238756595,9.584730495502638
87,8307,3k,who,337.0,2.5289167002776547,1.4518136762582907,3.8132349999999997,1.41,1.5252940000000001,1086.0,1133.0,1457.0,True,True,True,9.620489705033162,who,2222.9411764705883,337.0,2.5289167002776547,1.4518136762582907,9.620489705033162
93,4618,3k,night,274.0,2.439332693830263,1.5413976827056826,3.61,1.88,1.444,716.0,718.0,653.0,True,True,True,9.77559073082273,night,866.0392156862745,274.0,2.439332693830263,1.5413976827056826,9.77559073082273
73,7496,3k,there,693.0,2.841359470454855,1.1393709060810906,5.251930000000001,2.05,2.100772,3255.0,3310.0,3699.0,True,True,True,9.809413624324364,there,4348.117647058823,693.0,2.841359470454855,1.1393709060810906,9.809413624324364
95,3231,3k,here,282.0,2.45178643552429,1.5289439410116552,3.738636,1.94,1.4954544,2267.0,1324.0,1140.0,True,True,True,9.85441176404662,here,4525.254901960784,282.0,2.45178643552429,1.5289439410116552,9.85441176404662
80,7523,3k,this,538.0,2.7315887651867388,1.2491416113492066,4.93222,2.09,1.9728880000000002,3899.0,2990.0,3591.0,True,True,True,9.928786445396828,this,7978.725490196079,538.0,2.7315887651867388,1.2491416113492066,9.928786445396828
111,264,3k,bed,165.0,2.220108088040055,1.7606222884958904,2.89,1.41,1.156,675.0,405.0,316.0,True,True,True,9.932489153983562,bed,187.11764705882354,165.0,2.220108088040055,1.7606222884958904,9.932489153983562
108,4223,3k,man,185.0,2.2695129442179165,1.711217432318029,3.11,1.24,1.244,1981.0,1314.0,977.0,True,True,True,9.954869729272115,man,1845.7450980392157,185.0,2.2695129442179165,1.711217432318029,9.954869729272115
82,1844,3k,down,522.0,2.718501688867274,1.2622286876686712,4.93222,1.96,1.9728880000000002,2635.0,2173.0,1958.0,True,True,True,9.981134750674684,down,1490.2745098039215,522.0,2.718501688867274,1.2622286876686712,9.981134750674684
116,2026,3k,eat,150.0,2.1789769472931693,1.8017534292427761,2.78,1.48,1.112,1051.0,585.0,499.0,True,True,True,9.987013716971104,eat,251.88235294117646,150.0,2.1789769472931693,1.8017534292427761,9.987013716971104
107,5830,3k,say,212.0,2.3283796034387376,1.6523507730972078,3.42,1.07,1.368,955.0,862.0,805.0,True,True,True,10.029403092388831,say,1639.7843137254902,212.0,2.3283796034387376,1.6523507730972078,10.029403092388831
100,4450,3k,more,260.0,2.416640507338281,1.5640898691976646,3.7812639999999997,2.04,1.5125056000000001,902.0,1159.0,1474.0,True,True,True,10.037623476790658,more,1298.5882352941176,260.0,2.416640507338281,1.5640898691976646,10.037623476790658
102,914,3k,cat,245.0,2.3909351071033793,1.589795269432566,3.68,1.52,1.472,904.0,215.0,162.0,True,True,True,10.039181077730264,cat,66.33333333333333,245.0,2.3909351071033793,1.589795269432566,10.039181077730264
97,8263,3k,where,309.0,2.4913616938342726,1.4893686827016728,4.090317,2.06,1.6361268,1477.0,1177.0,1308.0,True,True,True,10.04779173080669,#N/A,#N/A,309.0,2.4913616938342726,1.4893686827016728,10.04779173080669
101,3323,3k,home,268.0,2.429752280002408,1.5509780965335374,3.8665199999999995,1.88,1.546608,1677.0,1094.0,939.0,True,True,True,10.070432386134149,home,774.3333333333334,268.0,2.429752280002408,1.5509780965335374,10.070432386134149
94,2545,3k,from,370.0,2.569373909615046,1.4113564669208993,4.441998,2.24,1.7767992,2044.0,2639.0,3623.0,True,True,True,10.087423867683597,from,2039.0588235294117,370.0,2.569373909615046,1.4113564669208993,10.087423867683597
144,8541,3k,yes,103.0,2.0170333392987803,1.9636970372371652,2.310598,1.68,0.9242391999999999,1002.0,601.0,456.0,True,True,True,10.165386148948661,#N/A,#N/A,103.0,2.0170333392987803,1.9636970372371652,10.165386148948661
89,7491,3k,them,458.0,2.661812685537261,1.3189176909986844,4.900249,2.16,1.9600996,1948.0,2256.0,2666.0,True,True,True,10.175919763994738,them,1778.8235294117646,458.0,2.661812685537261,1.3189176909986844,10.175919763994738
124,1812,3k,door,155.0,2.1931245983544616,1.7876057781814838,3.05,1.15,1.22,818.0,782.0,668.0,True,True,True,10.200423112725936,door,292.05882352941177,155.0,2.1931245983544616,1.7876057781814838,10.200423112725936
114,7780,3k,tree,206.0,2.315970345456918,1.6647600310790276,3.57,1.61,1.4280000000000002,807.0,501.0,358.0,True,True,True,10.22904012431611,tree,65.0,206.0,2.315970345456918,1.6647600310790276,10.22904012431611
120,252,3k,bear,197.0,2.296665190261531,1.6840651862744145,3.58,1.68,1.432,902.0,320.0,165.0,True,True,True,10.316260745097658,bear,57.411764705882355,197.0,2.296665190261531,1.6840651862744145,10.316260745097658
115,4720,3k,off,225.0,2.3541084391474008,1.6266219373885447,3.834549,2.09,1.5338196000000002,862.0,1001.0,1023.0,True,True,True,10.341036749554178,off,1179.5098039215686,225.0,2.3541084391474008,1.6266219373885447,10.341036749554178
122,5345,3k,put,206.0,2.315970345456918,1.6647600310790276,3.72,2.3,1.4880000000000002,1936.0,1267.0,973.0,True,True,True,10.379040124316111,put,828.4509803921569,206.0,2.315970345456918,1.6647600310790276,10.379040124316111
153,6409,3k,sleep,113.0,2.0569048513364727,1.9238255251994727,2.79,1.03,1.1159999999999999,477.0,288.0,213.0,True,True,True,10.485302100797892,sleep,227.94117647058823,113.0,2.0569048513364727,1.9238255251994727,10.485302100797892
140,5518,3k,red,181.0,2.2600713879850747,1.7206589885508707,3.68,1.63,1.472,892.0,372.0,316.0,True,True,True,10.562635954203483,red,148.05882352941177,181.0,2.2600713879850747,1.7206589885508707,10.562635954203483
157,7079,3k,stop,114.0,2.060697840353612,1.9200325361823334,2.89,1.6,1.156,800.0,408.0,348.0,True,True,True,10.570130144729333,stop,707.2745098039215,114.0,2.060697840353612,1.9200325361823336,10.570130144729335
125,4077,3k,look,223.0,2.3502480183341627,1.6304823582017827,4.05,1.68,1.62,2541.0,1488.0,1416.0,True,True,True,10.571929432807131,look,1947.2745098039215,223.0,2.3502480183341627,1.6304823582017827,10.571929432807131
103,7633,3k,time,417.0,2.621176281775035,1.3595540947609104,5.16,1.86,2.064,1847.0,1882.0,2005.0,True,True,True,10.598216379043642,time,1958.6274509803923,417.0,2.621176281775035,1.3595540947609104,10.598216379043642
123,5598,3k,right,257.0,2.41161970596323,1.5691106705727154,4.3460849999999995,1.59,1.738434,1499.0,1410.0,1229.0,True,True,True,10.622527682290862,right,4008.392156862745,257.0,2.41161970596323,1.5691106705727154,10.622527682290862
129,7936,3k,two,236.0,2.374748346010104,1.6059820305258414,4.239515,2.06,1.6958060000000001,1053.0,1180.0,1369.0,True,True,True,10.663443122103367,two,1066.3529411764705,236.0,2.374748346010104,1.6059820305258414,10.663443122103367
149,3168,3k,head,145.0,2.164352855784437,1.8163775207515083,3.42,1.02,1.368,643.0,698.0,703.0,True,True,True,10.685510083006033,head,371.5098039215686,145.0,2.164352855784437,1.8163775207515083,10.685510083006033
134,4072,3k,long,229.0,2.361727836017593,1.6190025405183524,4.239515,1.83,1.6958060000000001,966.0,1098.0,1146.0,True,True,True,10.715525162073408,long,675.156862745098,229.0,2.361727836017593,1.6190025405183524,10.715525162073408
160,6502,3k,small,126.0,2.103803720955957,1.8769266555799886,3.22,1.52,1.288,452.0,546.0,623.0,True,True,True,10.727706622319955,small,124.96078431372548,126.0,2.103803720955957,1.8769266555799886,10.727706622319955
109,4677,3k,now,405.0,2.6085260335771943,1.3722043429587512,5.251930000000001,1.77,2.100772,2249.0,1833.0,1836.0,True,True,True,10.740747371835006,now,3202.607843137255,405.0,2.6085260335771943,1.3722043429587512,10.740747371835006
119,6649,3k,some,316.0,2.5010592622177517,1.4796711143181938,4.846964,2.44,1.9387855999999999,2171.0,1973.0,2260.0,True,True,True,10.765648457272775,some,1727.235294117647,316.0,2.5010592622177517,1.4796711143181938,10.765648457272775
130,3773,3k,know,257.0,2.41161970596323,1.5691106705727154,4.5,2.12,1.8,2010.0,1924.0,1730.0,True,True,True,10.776442682290861,know,5721.176470588235,257.0,2.41161970596323,1.5691106705727154,10.776442682290861
110,125,3k,back,406.0,2.60959440922522,1.3711359673107255,5.3052150000000005,2.35,2.122086,2096.0,1959.0,1784.0,True,True,True,10.789758869242903,back,2009.1568627450981,406.0,2.60959440922522,1.3711359673107255,10.789758869242903
158,463,3k,blue,144.0,2.161368002234975,1.8193623743009706,3.53,1.68,1.412,369.0,202.0,216.0,True,True,True,10.807449497203882,blue,102.3921568627451,144.0,2.161368002234975,1.8193623743009706,10.807449497203882
112,8430,3k,would,396.0,2.598790506763115,1.3819398697728302,5.28,1.56,2.112,1957.0,2329.0,2710.0,True,True,True,10.80775947909132,would,1767.8823529411766,396.0,2.598790506763115,1.3819398697728302,10.80775947909132
203,4420,3k,mom,67.0,1.8325089127062364,2.1482214638297092,2.22,1.22,0.888,725.0,375.0,184.0,True,True,True,10.812885855318838,#N/A,#N/A,67.0,1.8325089127062364,2.1482214638297092,10.812885855318838
156,3215,3k,help,153.0,2.187520720836463,1.7932096556994823,3.65,1.79,1.46,1631.0,917.0,754.0,True,True,True,10.82283862279793,help,921.1176470588235,153.0,2.187520720836463,1.7932096556994823,10.82283862279793
155,7545,3k,three,155.0,2.1931245983544616,1.7876057781814838,3.6853510000000003,1.5,1.4741403999999998,578.0,532.0,576.0,True,True,True,10.835774112725936,three,542.2352941176471,155.0,2.1931245983544616,1.7876057781814838,10.835774112725936
165,5056,3k,please,135.0,2.1335389083702174,1.847191468165728,3.482868,1.22,1.3931472,286.0,207.0,159.0,True,True,True,10.871633872662912,please,1100.9607843137255,135.0,2.1335389083702174,1.847191468165728,10.871633872662912
176,3138,3k,hat,120.0,2.0827853703164503,1.8979450062194951,3.33,1.14,1.3319999999999999,369.0,140.0,97.0,True,True,True,10.92178002487798,hat,64.17647058823529,120.0,2.0827853703164503,1.8979450062194951,10.92178002487798
172,885,3k,car,122.0,2.089905111439398,1.8908252650965474,3.37,1.95,1.348,741.0,492.0,370.0,True,True,True,10.933301060386189,car,483.05882352941177,122.0,2.089905111439398,1.8908252650965474,10.933301060386189
142,7515,3k,think,265.0,2.424881636631067,1.5558487399048784,4.75,1.55,1.9,1417.0,1313.0,1353.0,True,True,True,10.973394959619514,think,2691.392156862745,265.0,2.424881636631067,1.5558487399048784,10.973394959619514
147,4755,3k,our,209.0,2.322219294733919,1.6585110818020263,4.3460849999999995,1.53,1.738434,621.0,709.0,909.0,True,True,True,10.980129327208104,our,1400.4901960784314,209.0,2.322219294733919,1.6585110818020263,10.980129327208104
135,7695,3k,too,313.0,2.496929648073215,1.4838007284627306,5.102732,2.0,2.0410928,2069.0,1669.0,1456.0,True,True,True,11.037934913850922,too,1371.5686274509803,313.0,2.496929648073215,1.4838007284627306,11.037934913850922
169,8325,3k,why,157.0,2.1986570869544226,1.7820732895815228,3.97309,2.11,1.589236,1218.0,1084.0,927.0,True,True,True,11.10138315832609,#N/A,#N/A,157.0,2.1986570869544226,1.7820732895815228,11.10138315832609
180,2919,3k,green,141.0,2.1522883443830563,1.8284420321528891,3.79,1.32,1.516,523.0,276.0,236.0,True,True,True,11.103768128611556,green,72.47058823529412,141.0,2.1522883443830563,1.8284420321528891,11.103768128611556
218,128,3k,bad,78.0,1.8976270912904414,2.083103285245504,2.79,1.27,1.1159999999999999,421.0,301.0,236.0,True,True,True,11.122413140982015,bad,545.1764705882352,78.0,1.8976270912904414,2.083103285245504,11.122413140982015
148,4213,3k,make,233.0,2.369215857410143,1.6115145191258025,4.68,1.77,1.8719999999999999,1380.0,1258.0,1453.0,True,True,True,11.12605807650321,make,1387.7450980392157,233.0,2.369215857410143,1.6115145191258025,11.12605807650321
185,582,3k,boy,129.0,2.113943352306837,1.8667870242291085,3.67,1.88,1.4680000000000002,952.0,675.0,614.0,True,True,True,11.137148096916434,boy,529.8235294117648,129.0,2.113943352306837,1.8667870242291085,11.137148096916434
139,7489,3k,their,324.0,2.5118833609788744,1.468847015557071,5.262587,2.02,2.1050348,660.0,1336.0,2034.0,True,True,True,11.137975062228284,their,655.156862745098,324.0,2.5118833609788744,1.468847015557071,11.137975062228284
171,7754,3k,train,155.0,2.1931245983544616,1.7876057781814838,4.0,1.71,1.6,222.0,127.0,95.0,True,True,True,11.150423112725935,train,95.05882352941177,155.0,2.1931245983544616,1.7876057781814838,11.150423112725935
212,4663,3k,nose,84.0,1.9294189257142926,2.051311450821653,2.95,1.15,1.18,181.0,123.0,123.0,True,True,True,11.155245803286611,nose,69.74509803921569,84.0,1.9294189257142926,2.051311450821653,11.155245803286611
168,8128,3k,want,169.0,2.230448921378274,1.7502814551576713,4.16,2.32,1.6640000000000001,2034.0,1248.0,985.0,True,True,True,11.161125820630685,want,2759.176470588235,169.0,2.230448921378274,1.7502814551576713,11.161125820630685
198,350,3k,bird,112.0,2.0530784434834195,1.9276519330525261,3.52,1.66,1.4080000000000001,540.0,167.0,118.0,True,True,True,11.230607732210105,bird,45.450980392156865,112.0,2.0530784434834195,1.927651933052526,11.230607732210103
221,2413,3k,fly,85.0,1.9344984512435677,2.0462319252923775,3.05,1.18,1.22,396.0,182.0,110.0,True,True,True,11.23492770116951,fly,85.0,85.0,1.9344984512435677,2.0462319252923775,11.23492770116951
113,7494,3k,then,673.0,2.82865989653532,1.1520704800006256,6.7439100000000005,3.51,2.697564,4009.0,3107.0,2849.0,True,True,True,11.352191920002504,then,1489.5294117647059,673.0,2.82865989653532,1.1520704800006256,11.352191920002504
146,827,3k,by,312.0,2.4955443375464483,1.485186038989497,5.411785,1.5,2.164714,1189.0,1462.0,2074.0,True,True,True,11.352529155957988,by,1340.4705882352941,312.0,2.4955443375464483,1.485186038989497,11.352529155957988
201,5881,3k,school,127.0,2.1072099696478683,1.873520406888077,3.89,1.37,1.556,1065.0,866.0,777.0,True,True,True,11.384081627552309,school,333.11764705882354,127.0,2.1072099696478683,1.873520406888077,11.384081627552309
243,3107,3k,hand,65.0,1.8195439355418688,2.1611864409940766,2.74,1.24,1.0959999999999999,434.0,501.0,519.0,True,True,True,11.384745763976307,hand,279.6470588235294,65.0,1.8195439355418688,2.1611864409940766,11.384745763976307
209,4549,3k,name,112.0,2.0530784434834195,1.9276519330525261,3.68,1.53,1.472,635.0,533.0,469.0,True,True,True,11.390607732210105,name,641.8627450980392,112.0,2.0530784434834195,1.927651933052526,11.390607732210103
213,2524,3k,friend,105.0,2.0253058652647704,1.955424511271175,3.57,1.43,1.4280000000000002,427.0,343.0,276.0,True,True,True,11.3916980450847,friend,419.29411764705884,105.0,2.0253058652647704,1.955424511271175,11.3916980450847
226,7229,3k,sun,95.0,1.9822712330395684,1.9984591434963772,3.4,1.64,1.36,573.0,430.0,418.0,True,True,True,11.393836573985508,sun,69.66666666666667,95.0,1.9822712330395684,1.998459143496377,11.393836573985508
205,7841,3k,truck,119.0,2.0791812460476247,1.9015491304883207,3.79,1.47,1.516,308.0,158.0,85.0,True,True,True,11.396196521953282,truck,72.86274509803921,119.0,2.0791812460476247,1.9015491304883207,11.396196521953282
187,7440,3k,tell,156.0,2.1958996524092336,1.7848307241267118,4.26,2.05,1.704,1243.0,1107.0,962.0,True,True,True,11.399322896506847,tell,1724.4901960784314,156.0,2.1958996524092336,1.7848307241267118,11.399322896506847
150,3378,3k,how,292.0,2.4668676203541096,1.5138627561818359,5.3585,1.92,2.1434,2048.0,2049.0,2147.0,True,True,True,11.413951024727343,#N/A,#N/A,292.0,2.4668676203541096,1.5138627561818359,11.413951024727343
238,156,3k,ball,70.0,1.8512583487190752,2.1294720278168704,2.9,1.22,1.16,587.0,304.0,248.0,True,True,True,11.417888111267482,ball,104.96078431372548,70.0,1.8512583487190752,2.1294720278168704,11.417888111267482
186,7359,3k,take,164.0,2.2174839442139063,1.7632464323220391,4.37,1.89,1.7480000000000002,1347.0,1036.0,1013.0,True,True,True,11.422985729288158,take,1891.0392156862745,164.0,2.2174839442139063,1.7632464323220391,11.422985729288158
217,2135,3k,fast,111.0,2.0492180226701815,1.9315123538657637,3.738636,1.33,1.4954544,610.0,347.0,221.0,True,True,True,11.464685415463055,fast,137.45098039215685,111.0,2.0492180226701815,1.931512353865764,11.464685415463055
211,3178,3k,hear,115.0,2.0644579892269186,1.916272387309027,3.8,1.64,1.52,482.0,457.0,373.0,True,True,True,11.465089549236108,hear,555.3529411764706,115.0,2.0644579892269186,1.9162723873090268,11.465089549236108
228,368,3k,black,98.0,1.99563519459755,1.9850951819383953,3.56,1.92,1.4240000000000002,261.0,293.0,309.0,True,True,True,11.500380727753582,black,167.94117647058823,98.0,1.99563519459755,1.9850951819383955,11.500380727753582
233,2177,3k,fell,83.0,1.9242792860618816,2.056451090474064,3.280385,1.2,1.312154,294.0,238.0,186.0,True,True,True,11.506189361896254,fell,73.0,83.0,1.9242792860618816,2.056451090474064,11.506189361896254
259,87,3k,ask,65.0,1.8195439355418688,2.1611864409940766,2.89,1.37,1.156,339.0,309.0,266.0,True,True,True,11.534745763976307,ask,483.1372549019608,65.0,1.8195439355418688,2.1611864409940766,11.534745763976307
220,5049,3k,play,126.0,2.103803720955957,1.8769266555799886,4.1,2.59,1.64,1169.0,470.0,322.0,True,True,True,11.607706622319954,play,354.52941176470586,126.0,2.103803720955957,1.8769266555799886,11.607706622319954
207,4605,3k,next,144.0,2.161368002234975,1.8193623743009706,4.3460849999999995,1.86,1.738434,972.0,841.0,688.0,True,True,True,11.623534497203881,next,452.7450980392157,144.0,2.161368002234975,1.8193623743009706,11.623534497203881
224,6607,3k,snow,124.0,2.0969100130080562,1.8838203635278892,4.11,2.31,1.6440000000000001,236.0,211.0,229.0,True,True,True,11.645281454111558,snow,31.352941176470587,124.0,2.0969100130080562,1.8838203635278892,11.645281454111558
202,7513,3k,thing,162.0,2.2121876044039577,1.7685427721319877,4.58,1.61,1.8319999999999999,640.0,585.0,607.0,True,True,True,11.654171088527951,thing,1088.6666666666667,162.0,2.2121876044039577,1.7685427721319877,11.654171088527951
197,4601,3k,new,174.0,2.2430380486862944,1.737692327849651,4.72,2.14,1.8880000000000001,879.0,794.0,945.0,True,True,True,11.670769311398605,new,723.7843137254902,174.0,2.2430380486862944,1.737692327849651,11.670769311398605
261,2249,3k,fire,74.0,1.8750612633917,2.1056691131442453,3.25,1.16,1.3,290.0,394.0,318.0,True,True,True,11.672676452576981,fire,215.49019607843138,74.0,1.8750612633917,2.1056691131442453,11.672676452576981
312,1593,3k,dad,49.0,1.6989700043360187,2.2817603721999267,2.58,1.17,1.032,731.0,292.0,173.0,True,True,True,11.707041488799707,#N/A,#N/A,49.0,1.6989700043360187,2.2817603721999267,11.707041488799707
229,2259,3k,fish,115.0,2.0644579892269186,1.916272387309027,4.05,1.61,1.62,908.0,366.0,237.0,True,True,True,11.715089549236108,fish,83.49019607843137,115.0,2.0644579892269186,1.9162723873090268,11.715089549236108
232,7703,3k,top,104.0,2.0211892990699383,1.9595410774660074,3.89,1.53,1.556,394.0,368.0,326.0,True,True,True,11.72816430986403,top,133.4313725490196,104.0,2.0211892990699383,1.9595410774660071,11.72816430986403
184,8168,3k,way,247.0,2.3944516808262164,1.586278695709729,5.39,1.74,2.156,1288.0,1322.0,1517.0,True,True,True,11.735114782838917,way,1424.7254901960785,247.0,2.3944516808262164,1.586278695709729,11.735114782838917
272,3090,3k,hair,68.0,1.8388490907372552,2.14188128579869,3.17,1.76,1.268,214.0,246.0,228.0,True,True,True,11.73752514319476,hair,153.54901960784315,68.0,1.8388490907372552,2.14188128579869,11.73752514319476
222,2255,3k,first,138.0,2.143014800254095,1.8377155762818504,4.388713,1.31,1.7554851999999999,745.0,994.0,1181.0,True,True,True,11.739575305127403,first,840.5686274509804,138.0,2.143014800254095,1.8377155762818504,11.739575305127403
195,4121,3k,love,215.0,2.3344537511509307,1.6462766253850147,5.17,3.54,2.068,111.0,164.0,135.0,True,True,True,11.755106501540059,love,1114.9803921568628,215.0,2.3344537511509307,1.6462766253850147,11.755106501540059
262,8110,3k,walk,79.0,1.9030899869919435,2.077640389544002,3.45,2.04,1.38,485.0,351.0,281.0,True,True,True,11.760561558176008,walk,215.86274509803923,79.0,1.9030899869919435,2.077640389544002,11.760561558176008
268,3368,3k,hot,75.0,1.8808135922807914,2.099916784255154,3.37,1.77,1.348,449.0,281.0,252.0,True,True,True,11.769667137020615,hot,189.84313725490196,75.0,1.8808135922807914,2.099916784255154,11.769667137020615
266,7858,3k,try,78.0,1.8976270912904414,2.083103285245504,3.44,2.15,1.376,370.0,362.0,347.0,True,True,True,11.772413140982016,try,476.7450980392157,78.0,1.8976270912904414,2.083103285245504,11.772413140982016
277,2441,3k,food,69.0,1.845098040014257,2.1356323365216885,3.25,1.21,1.3,454.0,529.0,663.0,True,True,True,11.792529346086754,food,154.4313725490196,69.0,1.845098040014257,2.1356323365216885,11.792529346086754
223,4528,3k,must,148.0,2.173186268412274,1.8075441081236714,4.58,2.36,1.8319999999999999,818.0,792.0,834.0,True,True,True,11.810176432494686,must,699.2352941176471,148.0,2.173186268412274,1.8075441081236714,11.810176432494686
265,5445,3k,rain,83.0,1.9242792860618816,2.056451090474064,3.6,1.27,1.44,361.0,227.0,185.0,True,True,True,11.825804361896255,rain,48.90196078431372,83.0,1.9242792860618816,2.056451090474064,11.825804361896255
246,809,3k,bus,96.0,1.9867717342662448,1.9939586422697009,3.85,1.57,1.54,349.0,228.0,132.0,True,True,True,11.825834569078804,bus,74.17647058823529,96.0,1.9867717342662448,1.9939586422697007,11.825834569078802
329,3396,3k,hug,45.0,1.662757831681574,2.3179725448543715,2.58,0.96,1.032,48.0,23.0,9.0,True,True,True,11.851890179417486,hug,19.333333333333332,45.0,1.662757831681574,2.3179725448543715,11.851890179417486
245,312,3k,best,105.0,2.0253058652647704,1.955424511271175,4.090317,1.66,1.6361268,395.0,372.0,339.0,True,True,True,11.9120150450847,best,404.37254901960785,105.0,2.0253058652647704,1.955424511271175,11.9120150450847
295,6315,3k,sit,73.0,1.8692317197309762,2.111498656804969,3.47,2.25,1.3880000000000001,376.0,230.0,166.0,True,True,True,11.915994627219877,sit,311.3529411764706,73.0,1.8692317197309762,2.111498656804969,11.915994627219877
270,529,3k,book,82.0,1.919078092376074,2.0616522841598712,3.68,1.8,1.472,641.0,317.0,309.0,True,True,True,11.926609136639485,book,176.98039215686273,82.0,1.919078092376074,2.0616522841598712,11.926609136639485
230,4494,3k,much,138.0,2.143014800254095,1.8377155762818504,4.580539,1.24,1.8322156000000003,698.0,820.0,975.0,True,True,True,11.931401305127402,much,973.2549019607843,138.0,2.143014800254095,1.8377155762818504,11.931401305127402
234,3858,3k,last,119.0,2.0791812460476247,1.9015491304883207,4.3460849999999995,1.83,1.738434,632.0,675.0,653.0,True,True,True,11.952281521953282,last,723.0980392156863,119.0,2.0791812460476247,1.9015491304883207,11.952281521953282
240,2543,3k,frog,117.0,2.0718820073061255,1.9088483692298197,4.32,1.45,1.7280000000000002,876.0,101.0,28.0,True,True,True,11.95539347691928,frog,11.823529411764707,117.0,2.0718820073061255,1.90884836922982,11.95539347691928
274,1626,3k,dark,83.0,1.9242792860618816,2.056451090474064,3.74,1.37,1.496,324.0,340.0,310.0,True,True,True,11.965804361896256,dark,88.6078431372549,83.0,1.9242792860618816,2.056451090474064,11.965804361896256
304,1952,3k,duck,72.0,1.863322860120456,2.1174075164154895,3.5,1.64,1.4,390.0,50.0,20.0,True,True,True,11.969630065661958,duck,24.764705882352942,72.0,1.863322860120456,2.1174075164154895,11.969630065661958
290,2580,3k,fun,79.0,1.9030899869919435,2.077640389544002,3.67,0.97,1.4680000000000002,629.0,241.0,159.0,True,True,True,11.980561558176008,fun,235.49019607843138,79.0,1.9030899869919435,2.077640389544002,11.980561558176008
281,8376,3k,wish,84.0,1.9294189257142926,2.051311450821653,3.79,0.92,1.516,366.0,200.0,145.0,True,True,True,11.995245803286611,wish,235.11764705882354,84.0,1.9294189257142926,2.051311450821653,11.995245803286611
258,6369,3k,sky,104.0,2.0211892990699383,1.9595410774660074,4.17,1.89,1.6680000000000001,404.0,254.0,205.0,True,True,True,12.008164309864028,sky,44.80392156862745,104.0,2.0211892990699383,1.9595410774660071,12.008164309864028
324,5774,3k,sad,60.0,1.7853298350107671,2.1954005415251783,3.24,2.21,1.296,274.0,147.0,84.0,True,True,True,12.021602166100713,sad,63.372549019607845,60.0,1.7853298350107671,2.1954005415251783,12.021602166100713
376,8234,3k,wet,37.0,1.5797835966168101,2.4009467799191353,2.47,1.35,0.988,218.0,127.0,106.0,True,True,True,12.073787119676542,wet,39.21568627450981,37.0,1.5797835966168101,2.4009467799191353,12.073787119676542
321,3259,3k,hill,66.0,1.8260748027008264,2.154655573835119,3.47,1.47,1.3880000000000001,252.0,182.0,134.0,True,True,True,12.088622295340476,hill,37.549019607843135,66.0,1.8260748027008264,2.154655573835119,12.088622295340476
350,1530,3k,cry,44.0,1.6532125137753437,2.327517862760602,2.78,1.66,1.112,187.0,147.0,89.0,True,True,True,12.090071451042407,cry,65.6470588235294,44.0,1.6532125137753437,2.327517862760602,12.090071451042407
297,1298,3k,cold,86.0,1.9395192526186185,2.0412111239173267,3.95,1.79,1.58,394.0,322.0,365.0,True,True,True,12.114844495669306,cold,130.15686274509804,86.0,1.9395192526186185,2.0412111239173267,12.114844495669306
330,828,3k,bye,58.0,1.7708520116421442,2.209878364893801,3.280385,2.16,1.312154,#N/A,#N/A,#N/A,True,True,True,12.119898459575204,#N/A,#N/A,58.0,1.7708520116421442,2.209878364893801,12.119898459575204
269,2733,3k,give,103.0,2.0170333392987803,1.9636970372371652,4.28,1.93,1.712,570.0,523.0,477.0,True,True,True,12.134788148948662,give,1167.8235294117646,103.0,2.0170333392987803,1.9636970372371652,12.134788148948662
302,4608,3k,nice,85.0,1.9344984512435677,2.0462319252923775,3.95,1.51,1.58,333.0,232.0,170.0,True,True,True,12.13492770116951,nice,649.5098039215686,85.0,1.9344984512435677,2.0462319252923775,12.13492770116951
256,3953,3k,let,119.0,2.0791812460476247,1.9015491304883207,4.53,2.09,1.8119999999999998,919.0,662.0,613.0,True,True,True,12.136196521953284,#N/A,#N/A,119.0,2.0791812460476247,1.9015491304883207,12.136196521953284
301,8300,3k,white,89.0,1.954242509439325,2.0264878670966207,4.06,1.66,1.624,360.0,377.0,403.0,True,True,True,12.165951468386481,white,171.45098039215685,89.0,1.954242509439325,2.0264878670966207,12.165951468386481
313,7476,3k,thank,76.0,1.8864907251724818,2.0942396513634636,3.79,1.72,1.516,248.0,115.0,73.0,True,True,True,12.166958605453853,#N/A,#N/A,76.0,1.8864907251724818,2.0942396513634636,12.166958605453853
289,5683,3k,room,97.0,1.9912260756924949,1.9895043008434503,4.22,1.44,1.6880000000000002,849.0,710.0,718.0,True,True,True,12.178017203373802,room,439.5098039215686,97.0,1.9912260756924949,1.9895043008434505,12.178017203373802
379,6189,3k,shoe,37.0,1.5797835966168101,2.4009467799191353,2.6,1.19,1.04,45.0,34.0,27.0,True,True,True,12.20378711967654,shoe,30.392156862745097,37.0,1.5797835966168101,2.4009467799191353,12.20378711967654
327,4483,3k,mouth,65.0,1.8195439355418688,2.1611864409940766,3.58,1.43,1.432,127.0,178.0,195.0,True,True,True,12.224745763976307,mouth,104.41176470588235,65.0,1.8195439355418688,2.1611864409940766,12.224745763976307
331,4583,3k,need,64.0,1.8129133566428555,2.16781701989309,3.56,1.34,1.4240000000000002,733.0,546.0,562.0,True,True,True,12.231268079572361,need,1294.9019607843138,64.0,1.8129133566428555,2.16781701989309,12.231268079572361
340,4352,3k,milk,57.0,1.7634279935629373,2.217302382973008,3.37,1.42,1.348,162.0,153.0,127.0,True,True,True,12.239209531892033,milk,42.529411764705884,57.0,1.7634279935629373,2.217302382973008,12.239209531892033
372,7739,3k,toy,45.0,1.662757831681574,2.3179725448543715,3.0,1.15,1.2,105.0,48.0,27.0,True,True,True,12.271890179417486,toy,16.84313725490196,45.0,1.662757831681574,2.3179725448543715,12.271890179417486
311,5502,3k,read,86.0,1.9395192526186185,2.0412111239173267,4.11,1.68,1.6440000000000001,529.0,494.0,520.0,True,True,True,12.274844495669306,read,241.2156862745098,86.0,1.9395192526186185,2.0412111239173267,12.274844495669306
323,2725,3k,girl,80.0,1.9084850188786497,2.0722453576572955,4.0,1.89,1.6,643.0,401.0,356.0,True,True,True,12.288981430629182,girl,557.1176470588235,80.0,1.9084850188786497,2.0722453576572955,12.288981430629182
310,2065,3k,end,93.0,1.9731278535996986,2.0076025229362466,4.28,2.61,1.712,296.0,327.0,384.0,True,True,True,12.310410091744988,end,265.8627450980392,93.0,1.9731278535996986,2.0076025229362466,12.310410091744988
181,3635,3k,just,448.0,2.6522463410033232,1.3284840355326222,7.010335,2.48,2.804134,2152.0,2096.0,1991.0,True,True,True,12.324271142130488,just,4749.137254901961,448.0,2.6522463410033232,1.3284840355326222,12.324271142130488
227,7536,3k,thought,234.0,2.3710678622717363,1.6096625142642091,5.89135,2.18,2.3565400000000003,1047.0,1130.0,1062.0,True,True,True,12.330000057056836,thought,808.4705882352941,234.0,2.3710678622717363,1.6096625142642091,12.330000057056836
367,5654,3k,rock,49.0,1.6989700043360187,2.2817603721999267,3.22,1.17,1.288,287.0,163.0,140.0,True,True,True,12.347041488799707,rock,86.15686274509804,49.0,1.6989700043360187,2.2817603721999267,12.347041488799707
365,850,3k,cake,50.0,1.7075701760979363,2.273160200438009,3.26,2.28,1.304,259.0,68.0,40.0,True,True,True,12.352640801752036,cake,45.05882352941177,50.0,1.7075701760979363,2.273160200438009,12.352640801752036
309,5745,3k,run,100.0,2.0043213737826426,1.9764090027533028,4.47,1.9,1.788,734.0,399.0,322.0,True,True,True,12.37563601101321,run,350.54901960784315,100.0,2.0043213737826426,1.9764090027533028,12.37563601101321
360,6296,3k,sing,55.0,1.7481880270062005,2.232542349529745,3.47,1.31,1.3880000000000001,126.0,71.0,58.0,True,True,True,12.400169398118981,sing,97.58823529411765,55.0,1.7481880270062005,2.232542349529745,12.400169398118981
250,5824,3k,saw,164.0,2.2174839442139063,1.7632464323220391,5.3585,2.09,2.1434,1596.0,999.0,727.0,True,True,True,12.411485729288156,saw,402.4901960784314,164.0,2.2174839442139063,1.7632464323220391,12.411485729288156
351,639,3k,bread,58.0,1.7708520116421442,2.209878364893801,3.58,1.61,1.432,142.0,102.0,83.0,True,True,True,12.419513459575205,bread,28.333333333333332,58.0,1.7708520116421442,2.209878364893801,12.419513459575205
231,7571,3k,through,212.0,2.3283796034387376,1.6523507730972078,5.816751,1.86,2.3267004,343.0,714.0,989.0,True,True,True,12.426154092388831,through,549.5294117647059,212.0,2.3283796034387376,1.6523507730972078,12.426154092388831
335,34,3k,air,71.0,1.8573324964312685,2.123397880104677,3.94,1.55,1.5759999999999998,314.0,415.0,516.0,True,True,True,12.433591520418707,air,139.01960784313727,71.0,1.8573324964312685,2.123397880104677,12.433591520418707
288,4735,3k,once,129.0,2.113943352306837,1.8667870242291085,4.974848000000001,2.32,1.9899392,338.0,463.0,547.0,True,True,True,12.441996096916434,once,344.88235294117646,129.0,2.113943352306837,1.8667870242291085,12.441996096916434
343,8357,3k,wind,68.0,1.8388490907372552,2.14188128579869,3.89,1.37,1.556,317.0,238.0,246.0,True,True,True,12.457525143194761,wind,59.372549019607845,68.0,1.8388490907372552,2.14188128579869,12.457525143194761
326,580,3k,box,86.0,1.9395192526186185,2.0412111239173267,4.3,1.66,1.72,653.0,267.0,174.0,True,True,True,12.464844495669308,box,89.74509803921569,86.0,1.9395192526186185,2.0412111239173267,12.464844495669308
292,2910,3k,great,131.0,2.12057393120585,1.8601564453300954,5.05,1.23,2.02,373.0,399.0,498.0,True,True,True,12.490625781320382,great,820.8627450980392,131.0,2.12057393120585,1.8601564453300954,12.490625781320382
305,6656,3k,soon,115.0,2.0644579892269186,1.916272387309027,4.82565,1.88,1.9302599999999999,616.0,558.0,486.0,True,True,True,12.490739549236109,soon,257.6470588235294,115.0,2.0644579892269186,1.9162723873090268,12.490739549236107
356,2089,3k,face,61.0,1.792391689498254,2.1883386870376915,3.75,2.2,1.5,376.0,435.0,483.0,True,True,True,12.503354748150766,face,289.15686274509807,61.0,1.792391689498254,2.1883386870376915,12.503354748150766
366,6676,3k,sound,59.0,1.7781512503836436,2.202579126152302,3.72,1.53,1.4880000000000002,208.0,338.0,343.0,True,True,True,12.530316504609209,sound,143.3921568627451,59.0,1.7781512503836436,2.202579126152302,12.530316504609209
341,728,3k,brown,77.0,1.8920946026904804,2.088635773845465,4.196887,1.31,1.6787547999999999,264.0,162.0,151.0,True,True,True,12.55143009538186,#N/A,#N/A,77.0,1.8920946026904804,2.088635773845465,12.55143009538186
353,2896,3k,grass,66.0,1.8260748027008264,2.154655573835119,3.94,1.55,1.5759999999999998,232.0,186.0,175.0,True,True,True,12.558622295340475,grass,16.784313725490197,66.0,1.8260748027008264,2.154655573835119,12.558622295340475
346,8098,3k,wait,78.0,1.8976270912904414,2.083103285245504,4.3,1.89,1.72,424.0,321.0,203.0,True,True,True,12.632413140982017,wait,830.2549019607843,78.0,1.8976270912904414,2.083103285245504,12.632413140982017
332,3254,3k,high,91.0,1.9637878273455553,2.0169425491903903,4.58,2.24,1.8319999999999999,243.0,344.0,407.0,True,True,True,12.647770196761561,high,195.0,91.0,1.9637878273455553,2.0169425491903903,12.647770196761561
306,7039,3k,still,134.0,2.130333768495006,1.8503966080409393,5.262587,1.87,2.1050348,699.0,758.0,830.0,True,True,True,12.664173432163757,still,788.7254901960785,134.0,2.130333768495006,1.8503966080409393,12.664173432163757
325,4481,3k,mouse,111.0,2.0492180226701815,1.9315123538657637,4.94,1.76,1.976,442.0,171.0,82.0,True,True,True,12.666049415463055,mouse,19.11764705882353,111.0,2.0492180226701815,1.931512353865764,12.666049415463057
396,7446,3k,ten,50.0,1.7075701760979363,2.273160200438009,3.5787809999999998,1.49,1.4315124,200.0,184.0,168.0,True,True,True,12.671421801752036,ten,145.0,50.0,1.7075701760979363,2.273160200438009,12.671421801752036
316,2475,3k,found,124.0,2.0969100130080562,1.8838203635278892,5.14536,1.96,2.058144,533.0,535.0,632.0,True,True,True,12.680641454111557,found,396.0,124.0,2.0969100130080562,1.8838203635278892,12.680641454111557
248,8216,3k,well,222.0,2.3483048630481607,1.6324255134877848,6.157775,2.65,2.46311,1024.0,1066.0,1046.0,True,True,True,12.687477053951138,#N/A,#N/A,222.0,2.3483048630481607,1.6324255134877848,12.687477053951138
398,4147,3k,lunch,50.0,1.7075701760979363,2.273160200438009,3.61,1.69,1.444,407.0,167.0,91.0,True,True,True,12.702640801752036,lunch,104.11764705882354,50.0,1.7075701760979363,2.273160200438009,12.702640801752036
378,7891,3k,turn,67.0,1.8325089127062364,2.1482214638297092,4.11,1.73,1.6440000000000001,224.0,294.0,307.0,True,True,True,12.702885855318836,turn,306.47058823529414,67.0,1.8325089127062364,2.1482214638297092,12.702885855318836
199,8347,3k,will,485.0,2.6866362692622934,1.294094107273652,7.53,2.87,3.012,4845.0,2333.0,1948.0,True,True,True,12.706376429094608,will,2123.6470588235293,485.0,2.6866362692622934,1.294094107273652,12.706376429094608
390,4969,3k,pig,57.0,1.7634279935629373,2.217302382973008,3.84,2.03,1.536,310.0,97.0,46.0,True,True,True,12.709209531892032,pig,39.13725490196079,57.0,1.7634279935629373,2.217302382973008,12.709209531892032
369,2576,3k,full,71.0,1.8573324964312685,2.123397880104677,4.24,1.61,1.696,92.0,167.0,192.0,True,True,True,12.733591520418708,full,166.90196078431373,71.0,1.8573324964312685,2.123397880104677,12.733591520418708
345,1615,3k,dance,89.0,1.954242509439325,2.0264878670966207,4.63,1.57,1.8519999999999999,55.0,60.0,51.0,True,True,True,12.735951468386482,dance,148.0392156862745,89.0,1.954242509439325,2.0264878670966207,12.735951468386482
436,3627,3k,jump,31.0,1.505149978319906,2.4755803982160396,2.84,1.3,1.136,406.0,110.0,71.0,True,True,True,12.742321592864158,jump,69.82352941176471,31.0,1.505149978319906,2.4755803982160396,12.742321592864158
392,1384,3k,cow,59.0,1.7781512503836436,2.202579126152302,3.94,1.63,1.5759999999999998,154.0,66.0,48.0,True,True,True,12.750316504609208,cow,25.50980392156863,59.0,1.7781512503836436,2.202579126152302,12.750316504609208
363,3117,3k,hard,76.0,1.8864907251724818,2.0942396513634636,4.39,2.15,1.756,573.0,581.0,543.0,True,True,True,12.766958605453855,hard,307.84313725490193,76.0,1.8864907251724818,2.0942396513634636,12.766958605453855
420,4625,3k,nine,38.0,1.591064607026499,2.3896657695094463,3.2271,1.3,1.29084,53.0,60.0,57.0,True,True,True,12.785763078037785,nine,67.47058823529412,38.0,1.591064607026499,2.3896657695094463,12.785763078037785
333,5015,3k,place,104.0,2.0211892990699383,1.9595410774660074,4.95,1.96,1.98,720.0,670.0,756.0,True,True,True,12.78816430986403,place,602.6666666666666,104.0,2.0211892990699383,1.9595410774660071,12.78816430986403
404,7353,3k,tail,50.0,1.7075701760979363,2.273160200438009,3.7,1.13,1.48,177.0,184.0,127.0,True,True,True,12.792640801752036,tail,23.901960784313726,50.0,1.7075701760979363,2.273160200438009,12.792640801752036
381,6474,3k,slow,65.0,1.8195439355418688,2.1611864409940766,4.15,1.76,1.66,105.0,81.0,77.0,True,True,True,12.794745763976307,slow,76.01960784313725,65.0,1.8195439355418688,2.1611864409940766,12.794745763976307
394,3981,3k,light,61.0,1.792391689498254,2.1883386870376915,4.05,1.99,1.62,356.0,353.0,454.0,True,True,True,12.803354748150767,light,165.19607843137254,61.0,1.792391689498254,2.1883386870376915,12.803354748150767
338,7533,3k,those,104.0,2.0211892990699383,1.9595410774660074,5.006819,2.27,2.0027276,262.0,339.0,403.0,True,True,True,12.84498330986403,those,753.0196078431372,104.0,2.0211892990699383,1.9595410774660071,12.844983309864029
357,5706,3k,round,88.0,1.9493900066449128,2.0313403698910326,4.75,2.05,1.9,106.0,120.0,158.0,True,True,True,12.87536147956413,round,66.52941176470588,88.0,1.9493900066449128,2.0313403698910326,12.87536147956413
411,3721,3k,kiss,45.0,1.662757831681574,2.3179725448543715,3.61,2.25,1.444,23.0,13.0,10.0,True,True,True,12.881890179417486,kiss,121.15686274509804,45.0,1.662757831681574,2.3179725448543715,12.881890179417486
342,7736,3k,town,107.0,2.03342375548695,1.9473066210489953,5.11,2.66,2.044,236.0,262.0,297.0,True,True,True,12.899226484195982,town,247.92156862745097,107.0,2.03342375548695,1.9473066210489955,12.899226484195982
408,3450,3k,ice,51.0,1.7160033436347992,2.2647270329011464,3.86,1.06,1.544,127.0,156.0,160.0,True,True,True,12.918908131604585,ice,79.54901960784314,51.0,1.7160033436347992,2.2647270329011464,12.918908131604585
481,4553,3k,nap,23.0,1.380211241711606,2.6005191348243395,2.53,0.77,1.012,54.0,22.0,8.0,True,True,True,12.932076539297357,nap,12.647058823529411,23.0,1.380211241711606,2.6005191348243395,12.932076539297357
354,2013,3k,each,95.0,1.9822712330395684,1.9984591434963772,4.953533999999999,1.53,1.9814136000000002,566.0,741.0,955.0,True,True,True,12.94737057398551,each,253.2549019607843,95.0,1.9822712330395684,1.998459143496377,12.947370573985507
375,4434,3k,moon,88.0,1.9493900066449128,2.0313403698910326,4.83,2.31,1.932,196.0,119.0,143.0,True,True,True,12.95536147956413,moon,49.96078431372549,88.0,1.9493900066449128,2.0313403698910326,12.95536147956413
368,7237,3k,sure,89.0,1.954242509439325,2.0264878670966207,4.85,1.46,1.94,467.0,589.0,564.0,True,True,True,12.955951468386482,sure,1099.8235294117646,89.0,1.954242509439325,2.0264878670966207,12.955951468386482
402,6130,3k,sheep,62.0,1.7993405494535817,2.1813898270823637,4.25,1.52,1.7,192.0,84.0,76.0,True,True,True,12.975559308329455,sheep,13.431372549019608,62.0,1.7993405494535817,2.1813898270823637,12.975559308329455
427,7365,3k,talk,44.0,1.6532125137753437,2.327517862760602,3.68,1.73,1.472,460.0,372.0,300.0,True,True,True,12.990071451042407,talk,855.0,44.0,1.6532125137753437,2.327517862760602,12.990071451042407
440,2446,3k,foot,38.0,1.591064607026499,2.3896657695094463,3.44,1.38,1.376,152.0,134.0,140.0,True,True,True,12.998663078037785,foot,64.92156862745098,38.0,1.591064607026499,2.3896657695094463,12.998663078037785
395,7126,3k,street,74.0,1.8750612633917,2.1056691131442453,4.58,2.48,1.8319999999999999,563.0,369.0,284.0,True,True,True,13.002676452576981,street,148.1764705882353,74.0,1.8750612633917,2.1056691131442453,13.002676452576981
400,3663,3k,keep,67.0,1.8325089127062364,2.1482214638297092,4.42,2.04,1.768,496.0,530.0,579.0,True,True,True,13.012885855318837,keep,702.8627450980392,67.0,1.8325089127062364,2.1482214638297092,13.012885855318837
386,6265,3k,side,79.0,1.9030899869919435,2.077640389544002,4.72,1.27,1.8880000000000001,413.0,429.0,422.0,True,True,True,13.030561558176007,side,200.92156862745097,79.0,1.9030899869919435,2.077640389544002,13.030561558176007
426,487,3k,boat,47.0,1.6812412373755872,2.2994891391603582,3.84,1.46,1.536,379.0,207.0,132.0,True,True,True,13.037956556641433,boat,95.7843137254902,47.0,1.6812412373755872,2.2994891391603582,13.037956556641433
424,288,3k,bell,48.0,1.6901960800285136,2.290534296507432,3.89,1.68,1.556,248.0,108.0,80.0,True,True,True,13.052137186029729,bell,39.333333333333336,48.0,1.6901960800285136,2.290534296507432,13.052137186029729
454,222,3k,bath,32.0,1.5185139398778875,2.462216436658058,3.23,1.56,1.2919999999999998,26.0,31.0,24.0,True,True,True,13.078865746632232,bath,31.11764705882353,32.0,1.5185139398778875,2.462216436658058,13.078865746632232
443,4960,3k,pie,41.0,1.6232492903979006,2.357481086138045,3.67,1.64,1.4680000000000002,31.0,22.0,20.0,True,True,True,13.09992434455218,pie,28.745098039215687,41.0,1.6232492903979006,2.357481086138045,13.09992434455218
397,855,3k,call,76.0,1.8864907251724818,2.0942396513634636,4.74,1.85,1.896,341.0,315.0,268.0,True,True,True,13.116958605453855,call,861.3921568627451,76.0,1.8864907251724818,2.0942396513634636,13.116958605453855
355,3935,3k,left,119.0,2.0791812460476247,1.9015491304883207,5.57164,2.17,2.228656,556.0,604.0,606.0,True,True,True,13.177836521953283,left,484.45098039215685,119.0,2.0791812460476247,1.9015491304883207,13.177836521953283
348,2237,3k,find,133.0,2.1271047983648077,1.8536255781711377,5.78,3.89,2.312,1342.0,870.0,874.0,True,True,True,13.194502312684552,find,830.9607843137255,133.0,2.1271047983648077,1.8536255781711377,13.194502312684552
419,8157,3k,watch,57.0,1.7634279935629373,2.217302382973008,4.33,1.61,1.732,284.0,294.0,258.0,True,True,True,13.199209531892032,watch,330.01960784313724,57.0,1.7634279935629373,2.217302382973008,13.199209531892032
399,2477,3k,four,81.0,1.9138138523837167,2.0669165241522287,4.93222,2.48,1.9728880000000002,222.0,249.0,293.0,True,True,True,13.199886096608914,four,255.7843137254902,81.0,1.9138138523837167,2.0669165241522287,13.199886096608914
460,1552,3k,cup,36.0,1.568201724066995,2.4125286524689504,3.57,1.99,1.4280000000000002,41.0,55.0,43.0,True,True,True,13.220114609875802,cup,51.64705882352941,36.0,1.568201724066995,2.4125286524689504,13.220114609875802
429,6652,3k,song,53.0,1.7323937598229686,2.248336616712977,4.26,1.73,1.704,58.0,56.0,52.0,True,True,True,13.253346466851907,song,93.68627450980392,53.0,1.7323937598229686,2.248336616712977,13.253346466851907
514,3936,3k,leg,25.0,1.414973347970818,2.5657570285651277,3.0,1.5,1.2,118.0,114.0,83.0,True,True,True,13.26302811426051,leg,56.509803921568626,25.0,1.414973347970818,2.5657570285651277,13.26302811426051
380,7473,3k,than,105.0,2.0253058652647704,1.955424511271175,5.454413,2.33,2.1817652,476.0,728.0,1008.0,True,True,True,13.2761110450847,than,738.8039215686274,105.0,2.0253058652647704,1.955424511271175,13.2761110450847
428,2269,3k,five,59.0,1.7781512503836436,2.202579126152302,4.50594,1.36,1.8023759999999998,168.0,226.0,224.0,True,True,True,13.316256504609207,five,285.45098039215685,59.0,1.7781512503836436,2.202579126152302,13.316256504609207
453,1155,3k,clean,41.0,1.6232492903979006,2.357481086138045,3.89,1.49,1.556,258.0,163.0,134.0,True,True,True,13.31992434455218,clean,121.23529411764706,41.0,1.6232492903979006,2.357481086138045,13.31992434455218
431,2373,3k,floor,56.0,1.7558748556724915,2.224855520863454,4.44,1.98,1.776,246.0,227.0,250.0,True,True,True,13.339422083453815,floor,100.62745098039215,56.0,1.7558748556724915,2.224855520863454,13.339422083453815
389,1660,3k,dear,107.0,2.03342375548695,1.9473066210489953,5.550326,1.82,2.2201304,73.0,93.0,84.0,True,True,True,13.33955248419598,dear,223.4313725490196,107.0,2.03342375548695,1.9473066210489955,13.339552484195982
446,5555,3k,rest,49.0,1.6989700043360187,2.2817603721999267,4.22,2.53,1.6880000000000002,199.0,221.0,235.0,True,True,True,13.347041488799707,rest,212.9607843137255,49.0,1.6989700043360187,2.2817603721999267,13.347041488799707
452,4296,3k,mean,43.0,1.6434526764861874,2.337277700049758,4.0,1.68,1.6,330.0,377.0,282.0,True,True,True,13.349110800199032,mean,1243.9803921568628,43.0,1.6434526764861874,2.337277700049758,13.349110800199032
401,8418,3k,world,93.0,1.9731278535996986,2.0076025229362466,5.32,2.26,2.128,150.0,273.0,399.0,True,True,True,13.350410091744987,world,455.2156862745098,93.0,1.9731278535996986,2.0076025229362466,13.350410091744987
406,2548,3k,front,84.0,1.9294189257142926,2.051311450821653,5.187988,2.06,2.0751952,372.0,447.0,450.0,True,True,True,13.393233803286613,front,181.54901960784315,84.0,1.9294189257142926,2.051311450821653,13.393233803286613
470,6637,3k,soft,40.0,1.6127838567197355,2.36794651981621,3.95,1.5,1.58,107.0,126.0,138.0,True,True,True,13.421786079264841,soft,32.01960784313726,40.0,1.6127838567197355,2.36794651981621,13.421786079264841
505,4427,3k,moo,31.0,1.505149978319906,2.4755803982160396,3.53,1.87,1.412,#N/A,#N/A,#N/A,True,True,True,13.432321592864158,#N/A,#N/A,31.0,1.505149978319906,2.4755803982160396,13.432321592864158
476,2043,3k,egg,38.0,1.591064607026499,2.3896657695094463,3.89,1.85,1.556,133.0,90.0,53.0,True,True,True,13.448663078037786,egg,26.03921568627451,38.0,1.591064607026499,2.3896657695094463,13.448663078037786
509,2014,3k,ear,32.0,1.5185139398778875,2.462216436658058,3.63,1.92,1.452,28.0,74.0,70.0,True,True,True,13.47886574663223,ear,32.0,32.0,1.5185139398778875,2.462216436658058,13.47886574663223
523,1901,3k,drink,29.0,1.4771212547196624,2.5036091218162833,3.47,1.31,1.3880000000000001,181.0,126.0,96.0,True,True,True,13.484436487265134,drink,247.3921568627451,29.0,1.4771212547196624,2.5036091218162833,13.484436487265134
491,7032,3k,stick,37.0,1.5797835966168101,2.4009467799191353,3.89,1.57,1.556,163.0,128.0,112.0,True,True,True,13.493787119676542,stick,97.11764705882354,37.0,1.5797835966168101,2.4009467799191353,13.493787119676542
437,8053,3k,voice,64.0,1.8129133566428555,2.16781701989309,4.83,1.54,1.932,213.0,387.0,359.0,True,True,True,13.50126807957236,voice,86.15686274509804,64.0,1.8129133566428555,2.16781701989309,13.50126807957236
612,1372,3k,count,17.0,1.255272505103306,2.7254578714326394,2.61,0.98,1.044,92.0,57.0,57.0,True,True,True,13.511831485730557,count,89.96078431372548,17.0,1.255272505103306,2.7254578714326394,13.511831485730557
499,6964,3k,star,36.0,1.568201724066995,2.4125286524689504,3.89,1.59,1.556,85.0,93.0,80.0,True,True,True,13.540114609875802,star,81.3529411764706,36.0,1.568201724066995,2.4125286524689504,13.540114609875802
457,915,3k,catch,53.0,1.7323937598229686,2.248336616712977,4.61,2.07,1.844,187.0,192.0,146.0,True,True,True,13.603346466851907,catch,135.50980392156862,53.0,1.7323937598229686,2.248336616712977,13.603346466851907
469,4646,3k,noise,49.0,1.6989700043360187,2.2817603721999267,4.5,2.2,1.8,213.0,157.0,111.0,True,True,True,13.627041488799707,noise,34.88235294117647,49.0,1.6989700043360187,2.2817603721999267,13.627041488799707
449,2125,3k,far,61.0,1.792391689498254,2.1883386870376915,4.878935,1.57,1.9515740000000001,377.0,369.0,389.0,True,True,True,13.632289748150766,far,220.76470588235293,61.0,1.792391689498254,2.1883386870376915,13.632289748150766
415,4286,3k,may,94.0,1.9777236052888478,2.0030067712470974,5.65,2.35,2.26,616.0,518.0,770.0,True,True,True,13.66202708498839,may,511.37254901960785,94.0,1.9777236052888478,2.0030067712470974,13.66202708498839
511,6881,3k,square,38.0,1.591064607026499,2.3896657695094463,4.11,1.18,1.6440000000000001,16.0,31.0,48.0,True,True,True,13.668663078037785,square,31.764705882352942,38.0,1.591064607026499,2.3896657695094463,13.668663078037785
546,4990,3k,pink,31.0,1.505149978319906,2.4755803982160396,3.8,1.61,1.52,20.0,43.0,40.0,True,True,True,13.702321592864159,pink,28.470588235294116,31.0,1.505149978319906,2.4755803982160396,13.702321592864159
576,6515,3k,smile,26.0,1.4313637641589874,2.549366612376958,3.51,1.72,1.4040000000000001,104.0,118.0,100.0,True,True,True,13.707466449507832,smile,58.0,26.0,1.4313637641589874,2.549366612376958,13.707466449507832
473,8135,3k,warm,51.0,1.7160033436347992,2.2647270329011464,4.65,1.79,1.86,242.0,241.0,277.0,True,True,True,13.708908131604586,warm,52.13725490196079,51.0,1.7160033436347992,2.2647270329011464,13.708908131604586
684,6816,3k,spoon,14.0,1.1760912590556813,2.804639117480264,2.5,0.79,1.0,19.0,12.0,12.0,True,True,True,13.718556469921056,spoon,7.607843137254902,14.0,1.1760912590556813,2.804639117480264,13.718556469921056
626,4579,3k,neck,19.0,1.3010299956639813,2.679700380871964,3.0,1.25,1.2,65.0,87.0,85.0,True,True,True,13.718801523487857,neck,59.509803921568626,19.0,1.3010299956639813,2.679700380871964,13.718801523487857
494,5634,3k,road,47.0,1.6812412373755872,2.2994891391603582,4.55,2.44,1.82,250.0,279.0,249.0,True,True,True,13.747956556641434,road,111.94117647058823,47.0,1.6812412373755872,2.2994891391603582,13.747956556641434
529,3361,3k,horse,37.0,1.5797835966168101,2.4009467799191353,4.15,1.46,1.66,246.0,233.0,232.0,True,True,True,13.753787119676542,horse,92.88235294117646,37.0,1.5797835966168101,2.4009467799191353,13.753787119676542
518,4367,3k,mine,39.0,1.6020599913279623,2.3786703852079834,4.239515,2.42,1.6958060000000001,116.0,104.0,93.0,True,True,True,13.754196540831934,mine,250.98039215686273,39.0,1.6020599913279623,2.3786703852079834,13.754196540831934
591,950,3k,chair,24.0,1.3979400086720377,2.5827903678639075,3.43,1.33,1.3719999999999999,108.0,130.0,133.0,True,True,True,13.76116147145563,chair,49.23529411764706,24.0,1.3979400086720377,2.5827903678639075,13.76116147145563
410,7658,3k,toad,115.0,2.0644579892269186,1.916272387309027,6.11,2.64,2.444,419.0,63.0,12.0,True,True,True,13.775089549236109,toad,5.686274509803922,115.0,2.0644579892269186,1.9162723873090268,13.775089549236107
571,741,3k,brush,29.0,1.4771212547196624,2.5036091218162833,3.78,1.59,1.5119999999999998,68.0,39.0,45.0,True,True,True,13.794436487265132,brush,14.156862745098039,29.0,1.4771212547196624,2.5036091218162833,13.794436487265132
496,5586,3k,ride,49.0,1.6989700043360187,2.2817603721999267,4.67,2.17,1.868,328.0,195.0,172.0,True,True,True,13.797041488799707,ride,135.37254901960785,49.0,1.6989700043360187,2.2817603721999267,13.797041488799707
405,4382,3k,miss,129.0,2.113943352306837,1.8667870242291085,6.33,3.41,2.532,#N/A,#N/A,#N/A,True,True,True,13.797148096916434,#N/A,#N/A,129.0,2.113943352306837,1.8667870242291085,13.797148096916434
488,561,3k,both,52.0,1.724275869600789,2.2564545069351567,4.772365,1.57,1.9089459999999998,213.0,268.0,333.0,True,True,True,13.798183027740627,both,295.3333333333333,52.0,1.724275869600789,2.2564545069351567,13.798183027740627
503,7289,3k,sweet,45.0,1.662757831681574,2.3179725448543715,4.53,2.46,1.8119999999999998,35.0,63.0,64.0,True,True,True,13.801890179417487,sweet,145.19607843137254,45.0,1.662757831681574,2.3179725448543715,13.801890179417487
520,6959,3k,stand,41.0,1.6232492903979006,2.357481086138045,4.39,1.79,1.756,228.0,198.0,201.0,True,True,True,13.81992434455218,stand,226.19607843137254,41.0,1.6232492903979006,2.357481086138045,13.81992434455218
525,777,3k,bump,40.0,1.6127838567197355,2.36794651981621,4.35,1.6,1.74,67.0,41.0,14.0,True,True,True,13.82178607926484,bump,12.352941176470589,40.0,1.6127838567197355,2.36794651981621,13.82178607926484
536,131,3k,bag,38.0,1.591064607026499,2.3896657695094463,4.28,1.56,1.712,252.0,170.0,124.0,True,True,True,13.838663078037786,bag,94.03921568627452,38.0,1.591064607026499,2.3896657695094463,13.838663078037786
595,1268,3k,coat,25.0,1.414973347970818,2.5657570285651277,3.58,1.22,1.432,120.0,82.0,83.0,True,True,True,13.84302811426051,coat,42.07843137254902,25.0,1.414973347970818,2.5657570285651277,13.84302811426051
517,8392,3k,wolf,43.0,1.6434526764861874,2.337277700049758,4.5,1.79,1.8,247.0,81.0,39.0,True,True,True,13.849110800199032,wolf,20.274509803921568,43.0,1.6434526764861874,2.337277700049758,13.849110800199032
560,7020,3k,step,34.0,1.5440680443502757,2.4366623321856697,4.11,1.37,1.6440000000000001,80.0,80.0,71.0,True,True,True,13.85664932874268,step,118.66666666666667,34.0,1.5440680443502757,2.4366623321856697,13.85664932874268
506,3316,3k,hold,47.0,1.6812412373755872,2.2994891391603582,4.67,2.89,1.868,175.0,214.0,212.0,True,True,True,13.867956556641433,hold,436.72549019607845,47.0,1.6812412373755872,2.2994891391603582,13.867956556641433
550,6988,3k,stay,36.0,1.568201724066995,2.4125286524689504,4.22,2.21,1.6880000000000002,438.0,348.0,301.0,True,True,True,13.870114609875802,stay,515.6470588235294,36.0,1.568201724066995,2.4125286524689504,13.870114609875802
547,6511,3k,smell,36.0,1.568201724066995,2.4125286524689504,4.22,1.44,1.6880000000000002,112.0,113.0,94.0,True,True,True,13.870114609875802,smell,83.13725490196079,36.0,1.568201724066995,2.4125286524689504,13.870114609875802
622,359,3k,bite,24.0,1.3979400086720377,2.5827903678639075,3.58,1.3,1.432,54.0,46.0,43.0,True,True,True,13.91116147145563,bite,40.78431372549019,24.0,1.3979400086720377,2.5827903678639075,13.91116147145563
498,2990,3k,ground,52.0,1.724275869600789,2.2564545069351567,4.89,2.3,1.956,325.0,317.0,335.0,True,True,True,13.915818027740627,ground,72.47058823529412,52.0,1.724275869600789,2.2564545069351567,13.915818027740627
526,8568,3k,young,44.0,1.6532125137753437,2.327517862760602,4.61,1.5,1.844,157.0,297.0,401.0,True,True,True,13.920071451042407,young,243.1764705882353,44.0,1.6532125137753437,2.327517862760602,13.920071451042407
599,8113,3k,wall,27.0,1.4471580313422192,2.5335723451937264,3.79,1.75,1.516,109.0,160.0,170.0,True,True,True,13.924289380774905,wall,70.68627450980392,27.0,1.4471580313422192,2.5335723451937264,13.924289380774905
535,4111,3k,loud,42.0,1.6334684555795864,2.3472619209563588,4.537911,1.51,1.8151644,123.0,140.0,108.0,True,True,True,13.926958683825436,loud,39.8235294117647,42.0,1.6334684555795864,2.3472619209563588,13.926958683825436
559,1005,3k,cheese,37.0,1.5797835966168101,2.4009467799191353,4.33,1.75,1.732,32.0,31.0,32.0,True,True,True,13.933787119676541,cheese,39.03921568627451,37.0,1.5797835966168101,2.4009467799191353,13.933787119676541
461,3710,3k,king,70.0,1.8512583487190752,2.1294720278168704,5.42,2.63,2.168,399.0,263.0,209.0,True,True,True,13.937888111267482,king,129.2549019607843,70.0,1.8512583487190752,2.1294720278168704,13.937888111267482
490,2168,3k,feel,58.0,1.7708520116421442,2.209878364893801,5.11,2.73,2.044,466.0,414.0,419.0,True,True,True,13.949513459575204,feel,627.2352941176471,58.0,1.7708520116421442,2.209878364893801,13.949513459575204
489,1027,3k,child,59.0,1.7781512503836436,2.202579126152302,5.14536,1.7,2.058144,70.0,118.0,144.0,True,True,True,13.955676504609208,child,157.64705882352942,59.0,1.7781512503836436,2.202579126152302,13.955676504609208
527,5993,3k,sea,46.0,1.6720978579357175,2.308632518600228,4.74,1.56,1.896,240.0,243.0,225.0,True,True,True,13.974530074400912,sea,59.84313725490196,46.0,1.6720978579357175,2.308632518600228,13.974530074400912
533,2115,3k,fall,45.0,1.662757831681574,2.3179725448543715,4.71,2.63,1.8840000000000001,273.0,173.0,174.0,True,True,True,13.981890179417487,fall,118.50980392156863,45.0,1.662757831681574,2.3179725448543715,13.981890179417487
582,1727,3k,dig,33.0,1.5314789170422551,2.4492514594936905,4.19,2.34,1.676,108.0,52.0,45.0,True,True,True,13.987005837974763,dig,46.21568627450981,33.0,1.5314789170422551,2.4492514594936905,13.987005837974763
630,6780,3k,splash,24.0,1.3979400086720377,2.5827903678639075,3.67,2.35,1.4680000000000002,36.0,21.0,10.0,True,True,True,14.00116147145563,splash,4.215686274509804,24.0,1.3979400086720377,2.5827903678639075,14.00116147145563
627,8618,3k,zoo,25.0,1.414973347970818,2.5657570285651277,3.75,1.12,1.5,88.0,40.0,26.0,True,True,True,14.01302811426051,zoo,13.647058823529411,25.0,1.414973347970818,2.5657570285651277,14.01302811426051
650,6727,3k,speak,22.0,1.3617278360175928,2.619002540518353,3.56,1.38,1.4240000000000002,50.0,107.0,132.0,True,True,True,14.036010162073412,speak,187.1764705882353,22.0,1.3617278360175928,2.619002540518353,14.036010162073412
568,7963,3k,use,38.0,1.591064607026499,2.3896657695094463,4.5,1.82,1.8,436.0,474.0,666.0,True,True,True,14.058663078037785,use,343.84313725490193,38.0,1.591064607026499,2.3896657695094463,14.058663078037785
567,1221,3k,close,38.0,1.591064607026499,2.3896657695094463,4.5,1.82,1.8,206.0,269.0,251.0,True,True,True,14.058663078037785,close,219.4313725490196,38.0,1.591064607026499,2.3896657695094463,14.058663078037785
543,2999,3k,grow,45.0,1.662757831681574,2.3179725448543715,4.79,1.93,1.916,298.0,301.0,320.0,True,True,True,14.061890179417485,grow,59.490196078431374,45.0,1.662757831681574,2.3179725448543715,14.061890179417485
592,8476,3k,wrong,32.0,1.5185139398778875,2.462216436658058,4.22,1.48,1.6880000000000002,158.0,191.0,168.0,True,True,True,14.06886574663223,wrong,523.0980392156863,32.0,1.5185139398778875,2.462216436658058,14.06886574663223
540,3707,3k,kind,47.0,1.6812412373755872,2.2994891391603582,4.89,1.23,1.956,256.0,352.0,436.0,True,True,True,14.087956556641434,kind,590.6862745098039,47.0,1.6812412373755872,2.2994891391603582,14.087956556641434
748,6544,3k,snack,13.0,1.146128035678238,2.8346023408577077,2.78,1.22,1.112,13.0,13.0,6.0,True,True,True,14.11840936343083,snack,9.137254901960784,13.0,1.146128035678238,2.8346023408577077,14.11840936343083
706,4817,3k,pants,17.0,1.255272505103306,2.7254578714326394,3.2271,1.75,1.29084,54.0,29.0,27.0,True,True,True,14.128931485730558,pants,58.745098039215684,17.0,1.255272505103306,2.7254578714326394,14.128931485730558
577,8182,3k,wear,39.0,1.6020599913279623,2.3786703852079834,4.63,2.43,1.8519999999999999,81.0,106.0,108.0,True,True,True,14.144681540831932,wear,109.33333333333333,39.0,1.6020599913279623,2.3786703852079834,14.144681540831932
652,1756,3k,dirt,24.0,1.3979400086720377,2.5827903678639075,3.83,1.15,1.5319999999999998,103.0,81.0,66.0,True,True,True,14.16116147145563,dirt,25.686274509803923,24.0,1.3979400086720377,2.5827903678639075,14.16116147145563
600,692,3k,bring,34.0,1.5440680443502757,2.4366623321856697,4.42,2.46,1.768,171.0,175.0,190.0,True,True,True,14.166649328742679,bring,327.15686274509807,34.0,1.5440680443502757,2.4366623321856697,14.166649328742679
