,source,word,freq_lcnl,aoa_mean,aoa_sd,tasa_1,tasa_2,tasa_3
1593,3k,dad,49,2.58,1.17,731,292,173
1372,3k,count,17,2.61,0.98,92,57,57
1530,3k,cry,44,2.78,1.66,187,147,89
2026,3k,eat,150,2.78,1.48,1051,585,499
128,3k,bad,78,2.79,1.27,421,301,236
0,cdi,I,,2.790163,1.26,,,
1786,3k,dog,211,2.8,1.2,1241,566,397
87,3k,ask,65,2.89,1.37,339,309,266
264,3k,bed,165,2.89,1.41,675,405,316
330,3k,big,383,2.89,1.08,2826,1342,969
2,lcnl,a,4838,2.893384,1.21,21811,19884,23168
156,3k,ball,70,2.9,1.22,587,304,248
1812,3k,door,155,3.05,1.15,818,782,668
2413,3k,fly,85,3.05,1.18,396,182,110
1228,lcnl,clothes,50,3.11,1.41,155,192,179
222,3k,bath,32,3.23,1.56,26,31,24
2249,3k,fire,74,3.25,1.16,290,394,318
2441,3k,food,69,3.25,1.21,454,529,663
75,3k,arm,13,3.26,1.56,180,189,161
850,3k,cake,50,3.26,2.28,259,68,40
1920,3k,drop,7,3.26,1.33,63,59,47
828,3k,bye,58,3.280385,2.16,,,
2177,3k,fell,83,3.280385,1.2,294,238,186
1308,3k,come,287,3.32,1.42,2052,1374,1231
885,3k,car,122,3.37,1.95,741,492,370
1134,3k,clap,14,3.4,1.73,26,5,8
250,3k,bean,6,3.42,1.12,21,24,17
950,3k,chair,24,3.43,1.33,108,130,133
2446,3k,foot,38,3.44,1.38,152,134,140
2084,lcnl,eyes,111,3.443482,1.36,487,652,712
1901,3k,drink,29,3.47,1.31,181,126,96
1647,lcnl,day,376,3.5,1.58,1977,1582,1439
1952,3k,duck,72,3.5,1.64,390,50,20
350,3k,bird,112,3.52,1.66,540,167,118
463,3k,blue,144,3.53,1.68,369,202,216
368,3k,black,98,3.56,1.92,261,293,309
1552,3k,cup,36,3.57,1.99,41,55,43
252,3k,bear,197,3.58,1.68,902,320,165
359,3k,bite,24,3.58,1.3,54,46,43
639,3k,bread,58,3.58,1.61,142,102,83
1268,3k,coat,25,3.58,1.22,120,82,83
1770,3k,do,693,3.6,1.6,4560,3284,3113
1231,3k,cloud,12,3.63,1.57,94,47,30
2014,3k,ear,32,3.63,1.92,28,74,70
2460,3k,fork,5,3.63,1.86,13,13,10
582,3k,boy,129,3.67,1.88,952,675,614
529,3k,book,82,3.68,1.8,641,317,309
914,3k,cat,245,3.68,1.52,904,215,162
1793,3k,doll,2,3.68,1.34,61,30,27
1238,3k,clown,12,3.72,1.93,41,20,10
820,3k,butt,5,3.73,1.86,0,3,3
78,lcnl,arms,28,3.738636,2.14,110,150,166
2135,3k,fast,111,3.738636,1.33,610,347,221
1366,3k,couch,2,3.74,1.85,1,12,11
1626,3k,dark,83,3.74,1.37,324,340,310
2082,lcnl,eye,23,3.75,1.71,49,118,131
2089,3k,face,61,3.75,2.2,376,435,483
741,3k,brush,29,3.78,1.59,68,39,45
525,3k,boo,4,3.781264,2.29,15,8,0
759,3k,bug,6,3.79,1.72,107,26,9
100,3k,aunt,11,3.8,1.61,147,179,144
1756,3k,dirt,24,3.83,1.15,103,81,66
487,3k,boat,47,3.84,1.46,379,207,132
809,3k,bus,96,3.85,1.57,349,228,132
2130,3k,farm,15,3.85,1.5,161,138,122
288,3k,bell,48,3.89,1.68,248,108,80
542,3k,boot,,3.89,1.84,6,11,8
1155,3k,clean,41,3.89,1.49,258,163,134
1428,3k,crawl,6,3.89,1.23,17,12,16
2043,3k,egg,38,3.89,1.85,133,90,53
34,3k,air,71,3.94,1.55,314,415,516
1384,3k,cow,59,3.94,1.63,154,66,48
1298,3k,cold,86,3.95,1.79,394,322,365
458,3k,blow,23,4,1.76,110,61,49
93,lcnl,at,799,4.037032,1.37,5635,5090,5491
1017,3k,chew,15,4.05,1.51,7,11,12
1891,3k,dress,26,4.05,1.61,70,67,71
2259,3k,fish,115,4.05,1.61,908,366,237
312,3k,best,105,4.090317,1.66,395,372,339
649,3k,breathe,1,4.11,1.88,30,37,39
1871,3k,draw,13,4.11,1.13,134,69,72
1946,3k,dry,26,4.11,1.33,137,133,170
1292,3k,coin,4,4.17,1.25,8,10,10
2166,3k,feed,13,4.17,1.58,86,75,65
1727,3k,dig,33,4.19,2.34,108,52,45
728,3k,brown,77,4.196887,1.31,264,162,151
295,3k,bench,1,4.21,1.81,55,30,29
1037,3k,chin,16,4.22,4.1,26,24,28
1322,3k,cook,15,4.22,1.31,161,76,53
45,3k,all,1080,4.239515,1.4,3931,3788,3965
575,3k,bowl,14,4.26,2.28,59,64,38
963,3k,change,21,4.26,1.66,137,214,217
1579,3k,cute,6,4.26,1.45,6,18,11
131,3k,bag,38,4.28,1.56,252,170,124
404,3k,bleed,1,4.28,1.56,1,1,1
2065,3k,end,93,4.28,2.61,296,327,384
580,3k,box,86,4.3,1.66,653,267,174
59,3k,ant,2,4.32,1.57,114,27,13
869,3k,can,507,4.32,2.26,5068,2608,2656
1368,3k,cough,4,4.32,2.11,1,4,7
2054,lcnl,elf,4,4.32,2.4,,,
1005,3k,cheese,37,4.33,1.75,32,31,32
1826,lcnl,dot,23,4.33,1.41,59,12,7
777,3k,bump,40,4.35,1.6,67,41,14
19,3k,age,1,4.38,1.36,29,62,91
2255,3k,first,138,4.388713,1.31,745,994,1181
2451,3k,for,1177,4.388713,1.97,5851,5615,6423
692,3k,bring,34,4.42,2.46,171,175,190
1207,3k,clock,16,4.42,1.46,112,67,60
1578,3k,cut,32,4.43,1.72,316,241,205
2373,3k,floor,56,4.44,1.98,246,227,250
762,3k,build,28,4.45,1.57,41,100,96
954,3k,chalk,5,4.47,1.17,6,7,11
190,3k,barn,20,4.5,1.62,50,81,79
1221,3k,close,38,4.5,1.82,206,269,251
1973,3k,dumb,5,4.5,1.5,28,27,21
2269,3k,five,59,4.50594,1.36,168,226,224
319,3k,bib,1,4.53,4.25,,,
773,3k,bull,15,4.53,2.29,25,15,22
1722,3k,die,10,4.53,1.78,44,93,62
54,3k,and,6832,4.569882,1.94,17513,19697,24657
1326,3k,cool,14,4.58,2.32,60,93,113
2262,3k,fist,1,4.58,1.64,4,18,16
817,3k,but,1097,4.601853,2.45,5172,4711,5113
915,3k,catch,53,4.61,2.07,187,192,146
1355,3k,corn,24,4.61,2.64,42,85,84
292,3k,belt,,4.62,2.09,38,33,31
1051,lcnl,chirp,2,4.63,1.71,,,
1615,3k,dance,89,4.63,1.57,55,60,51
1940,3k,drum,16,4.63,2.19,21,12,19
801,lcnl,burp,3,4.67,1.88,,,
1313,3k,cone,5,4.67,2.57,14,10,9
343,3k,bin,3,4.68,2.67,1,5,4
554,3k,born,22,4.68,1.97,30,95,119
1150,3k,claw,2,4.7,2.2,6,4,2
2115,3k,fall,45,4.71,2.63,273,173,174
797,3k,burn,,4.72,1.87,35,42,36
855,3k,call,76,4.74,1.85,341,315,268
1069,3k,choose,22,4.74,1.79,12,51,60
1295,3k,coke,,4.74,1.76,0,2,3
1497,3k,cross,24,4.74,1.76,56,71,82
561,3k,both,52,4.772365,1.57,213,268,333
332,3k,bike,33,4.79,1.65,173,87,59
437,3k,block,16,4.79,3.08,87,65,59
2156,3k,fear,20,4.79,1.93,15,46,75
239,3k,beach,27,4.8,1.54,82,81,83
253,3k,beard,5,4.84,1.8,4,13,17
904,3k,cash,,4.84,2.61,14,11,8
217,3k,bat,26,4.85,1.73,51,32,22
2399,3k,fluff,4,4.85,1.57,10,0,2
545,lcnl,boots,12,4.86,2.71,50,48,43
2125,3k,far,61,4.878935,1.57,377,369,389
1881,3k,dream,18,4.88,1.95,61,68,67
447,3k,blood,4,4.89,1.64,34,63,75
783,3k,bunch,15,4.89,1.78,24,29,19
1761,3k,dish,12,4.89,2.42,41,31,10
810,3k,bush,18,4.9,2.1,20,21,31
1844,3k,down,522,4.93222,1.96,2635,2173,1958
1339,3k,cop,,4.94,1.3,19,6,6
573,3k,bow,26,4.95,2.22,15,25,30
1145,3k,class,16,4.95,1.36,182,181,177
2434,3k,fold,,4.95,1.87,28,8,11
2013,3k,each,95,4.953534,1.53,566,741,955
223,3k,bathe,2,5,2.11,0,2,3
267,3k,bee,44,5,1.97,55,54,30
1002,3k,cheer,9,5,1.67,8,10,12
2271,3k,fix,13,5,1.88,151,76,41
1014,3k,chest,9,5.05,2.09,17,47,52
842,3k,cage,9,5.06,1.3,58,76,49
997,3k,cheek,3,5.06,2.1,7,14,14
1994,3k,dust,21,5.06,1.39,36,61,66
2227,3k,fill,9,5.06,1.47,39,52,50
12,3k,add,1,5.1,1.48,46,31,26
674,3k,bride,4,5.1,1.55,0,1,4
237,lcnl,be,674,5.11,3.23,3366,3618,4161
612,3k,branch,24,5.11,2.11,54,59,48
992,3k,cheat,1,5.11,1.75,1,1,3
2168,3k,feel,58,5.11,2.73,466,414,419
2352,3k,flip,6,5.11,1.32,3,4,5
1027,3k,child,59,5.14536,1.7,70,118,144
1100,3k,church,7,5.15,1.76,25,40,59
2137,3k,fat,26,5.15,1.84,134,88,75
187,3k,bark,17,5.17,1.76,58,47,45
1059,3k,choice,6,5.17,1.79,7,17,25
1652,3k,dead,12,5.17,2.09,86,153,163
1681,3k,deer,6,5.17,3.26,40,49,53
2408,3k,flush,,5.17,2.68,0,0,1
353,3k,birth,1,5.21,2.25,0,6,13
947,3k,chain,2,5.22,2.13,15,19,24
1245,3k,cluck,7,5.22,2.13,,,
1906,3k,drive,22,5.26,2.58,78,108,98
1392,3k,crab,,5.28,2.3,31,6,10
643,3k,break,19,5.3,2.18,56,77,100
1185,3k,climb,27,5.3,2.05,123,89,60
1225,3k,cloth,1,5.3,1.13,50,55,75
125,3k,back,406,5.305215,2.35,2096,1959,1784
273,3k,beep,33,5.32,2.38,,,
1153,3k,clay,16,5.32,2.06,59,60,42
412,3k,bless,7,5.33,1.81,1,2,5
2279,3k,flag,6,5.33,2.38,19,17,16
2047,3k,eight,27,5.3585,1.72,60,73,85
2216,3k,fifth,2,5.3585,2.32,11,16,20
1013,3k,chess,2,5.37,2.03,0,1,2
1664,3k,death,2,5.37,1.8,15,44,79
2021,3k,earth,11,5.37,1.26,200,281,348
2361,3k,float,9,5.39,2.55,8,27,23
1533,3k,cub,6,5.4,2.04,11,9,12
827,3k,by,312,5.411785,1.5,1189,1462,2074
1893,3k,drew,11,5.411785,2.21,43,70,82
243,3k,beak,2,5.42,2.73,6,7,9
737,3k,bruise,,5.45,2.14,0,0,1
1679,3k,deep,58,5.47,2.46,128,188,217
2219,3k,fight,38,5.47,2.06,85,123,103
146,lcnl,bake,13,5.5,2.53,52,12,7
160,unl,bam,,5.5,2.85,,,
721,3k,broom,11,5.5,2.46,7,9,16
1304,3k,comb,11,5.5,2.2,5,10,13
519,3k,bone,12,5.53,1.74,34,29,48
879,3k,cap,16,5.53,2.01,84,48,52
984,3k,chase,24,5.53,2.12,21,17,15
994,3k,check,5,5.53,1.68,49,63,59
1022,3k,chick,8,5.53,2.09,55,23,4
1660,3k,dear,107,5.550326,1.82,73,93,84
297,3k,bend,8,5.56,1.85,22,35,29
532,3k,boom,22,5.56,2.43,8,28,15
823,3k,buy,49,5.56,2.08,144,174,177
1703,3k,desk,21,5.56,2.2,140,126,89
676,3k,bridge,21,5.58,2.34,31,52,44
2077,3k,eve,5,5.603611,2.45,16,6,5
788,3k,bunk,3,5.62,2.52,0,8,7
241,3k,bead,,5.63,1.64,0,0,0
422,3k,blink,15,5.63,2.27,3,3,5
1520,3k,crunch,14,5.63,1.83,1,6,3
2120,3k,fan,6,5.63,2.54,11,4,9
888,3k,care,48,5.65,2.01,335,286,280
1361,3k,cost,3,5.67,1.88,30,23,24
2105,3k,fair,24,5.67,1.91,113,104,78
2163,3k,fed,11,5.67821,2.66,46,31,39
2310,3k,flat,13,5.68,1.67,56,106,100
1693,3k,den,21,5.7,1.66,21,12,9
165,3k,bang,17,5.74,2.88,64,22,16
256,3k,beast,3,5.74,2.79,26,13,12
870,3k,cane,2,5.74,1.97,53,13,11
1503,3k,crow,23,5.74,3.28,30,29,18
1734,3k,dime,,5.74,2.05,71,15,12
2264,3k,fit,24,5.74,1.66,82,64,59
602,3k,brain,18,5.76,2.19,3,25,42
182,3k,bare,4,5.78,2.86,13,26,37
281,3k,beg,9,5.78,2.32,5,9,15
865,3k,camp,4,5.78,1.73,62,80,88
2133,lcnl,fart,,5.78,2.34,,,
2237,3k,find,133,5.78,3.89,1342,870,874
6,3k,ache,1,5.79,2.27,6,7,6
781,3k,bun,5,5.79,2.74,1,0,0
1075,3k,chore,1,5.79,1.51,0,0,0
1160,3k,clear,25,5.8,1.79,15,95,132
648,3k,breath,18,5.81,2.02,48,105,104
1399,3k,craft,1,5.83,2.23,0,0,2
2111,3k,fake,,5.83,2.26,0,5,5
921,3k,cause,23,5.84,3.1,2,21,42
1635,3k,date,,5.84,2.01,14,16,22
61,3k,ape,3,5.89,2.64,19,11,2
1048,3k,chip,3,5.89,2.35,57,12,17
1242,3k,club,79,5.89,2.56,37,53,52
1446,3k,creek,1,5.89,2.23,14,31,42
1518,3k,crumb,1,5.89,2.26,2,3,3
1903,3k,drip,,5.89,2.35,30,3,2
37,3k,aisle,2,5.95,1.54,3,7,10
607,3k,brake,5,5.95,2.22,3,6,4
1438,3k,cream,40,5.95,2.48,94,55,39
1524,3k,crust,2,5.95,1.9,0,4,7
2288,3k,flake,1,5.95,2.76,,,
83,lcnl,arts,,5.965949,2.25,1,1,1
2197,3k,few,28,5.99792,1.6,269,406,550
625,3k,brave,12,6,2.03,76,62,49
936,3k,cent,1,6,1.64,3,4,5
1347,3k,cord,1,6,2.13,2,6,10
1654,3k,deal,6,6,2.06,14,35,59
2100,3k,fail,4,6,1.61,1,4,4
2453,3k,force,,6,1.78,3,23,49
386,3k,blank,1,6.05,1.79,0,7,10
1463,3k,crib,1,6.05,4.16,2,5,2
2048,3k,eighth,2,6.051205,1.27,2,6,10
444,lcnl,blonde,,6.06,1.21,2,3,2
1248,3k,clue,2,6.06,2.15,22,25,23
2209,lcnl,field,18,6.1,2.38,132,154,139
84,lcnl,as,844,6.10449,2.3,2243,3346,4616
2180,3k,felt,79,6.10449,1.95,342,460,500
110,3k,axe,6,6.11,1.49,0,3,8
130,3k,badge,,6.11,1.81,0,1,1
276,3k,beer,2,6.11,2.68,0,10,10
413,lcnl,blessed,1,6.11,2.69,0,2,4
1062,3k,choke,1,6.11,2.23,1,4,3
1065,3k,chomp,5,6.11,2.21,,,
1419,3k,crash,13,6.11,2.59,27,34,28
1914,lcnl,drool,1,6.11,3.62,,,
258,3k,beat,15,6.15,1.66,65,85,84
2418,3k,foam,,6.15,2.52,1,1,5
489,3k,bob,3,6.157775,1.97,281,91,66
162,3k,band,23,6.16,2.54,61,47,39
433,3k,blob,,6.16,2.29,1,0,1
557,3k,boss,1,6.16,2.36,125,38,23
895,3k,cart,7,6.16,2.32,34,32,24
565,3k,bounce,3,6.17,4.9,5,11,14
2035,3k,edge,12,6.17,2.31,20,103,122
886,3k,card,4,6.2,2.26,53,45,28
81,3k,art,5,6.21,2.32,41,25,38
622,3k,brat,,6.21,3.08,,,
2425,3k,fog,4,6.21,2.2,26,27,27
286,3k,belch,1,6.22,2.26,,,
659,3k,breeze,15,6.22,3,5,9,22
1765,3k,ditch,5,6.22,2.16,11,8,13
550,lcnl,bored,6,6.25,1.68,6,14,18
2291,3k,flame,1,6.25,2.38,14,10,13
858,3k,calm,4,6.26,2.18,4,24,35
1857,3k,drain,2,6.26,2.96,2,4,5
2184,3k,fence,39,6.28,3.36,85,96,71
547,3k,bop,1,6.31,2.77,,,
109,lcnl,ax,1,6.31763,1.73,11,11,14
1926,3k,drove,14,6.31763,2.57,86,101,85
1396,3k,crack,8,6.33,3.38,17,42,37
1489,unl,crooked,12,6.33,1.61,4,2,5
898,3k,carve,,6.35,1.77,10,10,4
482,3k,board,8,6.37,1.8,81,80,72
1716,3k,dice,,6.37,2.22,0,0,1
1564,3k,curl,7,6.39,2.7,4,6,6
1029,3k,chill,,6.4,2.39,5,1,3
9,3k,act,11,6.42,2.22,27,67,67
202,3k,base,4,6.42,2.57,20,26,31
340,3k,bill,4,6.4242,2.07,442,263,117
671,3k,brick,8,6.43,2.09,9,20,19
1266,3k,coast,1,6.43,1.91,13,19,24
168,3k,bank,8,6.44,2.41,55,87,66
1670,3k,deck,2,6.45,2.76,24,37,24
356,3k,bit,44,6.47,2.55,117,139,143
2039,3k,eel,,6.47,2.2,0,7,4
2091,3k,fact,13,6.47,2.78,32,82,120
2393,3k,flu,2,6.47,2.84,1,5,4
2466,3k,fort,2,6.477485,3.09,8,14,25
379,3k,blame,2,6.48,1.89,8,16,15
1417,3k,crap,,6.5,2.57,,,
2201,lcnl,fib,,6.5,2.57,,,
1273,lcnl,cob,,6.520113,2.11,0,3,5
1060,3k,choir,,6.53,2.55,1,1,2
2061,3k,else,36,6.53077,1.77,175,262,287
279,3k,beet,1,6.56,2.06,0,0,1
765,3k,bulb,3,6.56,2.23,5,7,11
269,3k,beef,8,6.58,2.43,0,6,8
684,3k,bright,48,6.58,2.87,109,139,153
1603,3k,dam,2,6.58,1.54,3,16,13
1817,3k,dork,,6.58,3.31,,,
1974,3k,dump,36,6.58,2.5,4,13,14
1983,3k,dunk,1,6.58,4.07,,,
2371,3k,flood,2,6.58,2.39,0,12,13
503,3k,boil,5,6.6,1.79,0,4,4
646,3k,breast,1,6.6,2.54,5,3,3
120,3k,babe,1,6.61,3.11,6,16,11
1198,3k,clip,,6.61,2.62,5,4,4
2191,3k,fetch,9,6.61,2.55,0,6,12
85,3k,ash,,6.626683,2.54,3,4,5
418,3k,blimp,,6.63,2.48,,,
854,3k,calf,14,6.63,1.5,9,12,12
1623,3k,dare,8,6.63,2.22,12,19,26
1835,3k,dough,4,6.63,2.91,22,14,5
1840,3k,dove,4,6.63,2.22,23,14,9
999,lcnl,cheep,3,6.64,4.14,,,
457,3k,blouse,1,6.65,2.58,0,3,3
1263,3k,coal,9,6.65,2.23,7,23,39
1572,unl,curved,1,6.67,1.61,0,7,15
1713,3k,dial,1,6.68,3.16,1,3,5
2376,3k,flop,18,6.68,3.32,12,3,1
31,3k,aim,1,6.72,2.11,0,6,9
371,3k,blade,6,6.72,1.99,7,6,9
443,3k,blond,,6.72,3.3,0,7,9
1087,3k,chuck,,6.72,2.42,25,18,13
1589,lcnl,dab,,6.72,2.4,3,2,3
2117,3k,FALSE,,6.722596,2.15,,,
218,3k,batch,,6.74,1.85,0,0,1
901,3k,case,16,6.74,2,57,70,83
924,3k,cave,18,6.74,2.49,70,84,71
1070,3k,chop,1,6.74,2.38,23,11,11
1174,3k,clerk,5,6.74,2.6,13,11,10
1411,3k,crane,10,6.775881,2.18,3,10,10
1576,lcnl,cuss,,6.79,2.62,,,
1556,3k,curb,1,6.81,2.99,10,10,8
1653,3k,deaf,1,6.83,1.5,2,8,13
449,3k,bloom,1,6.84,2.09,5,4,6
965,3k,chant,,6.88,2.76,0,0,2
1260,3k,coach,4,6.89,2,47,61,35
2383,3k,flour,4,6.89,2.33,56,18,12
176,3k,bar,7,6.9,2.62,39,28,34
880,3k,cape,4,6.903765,4.52,39,13,9
835,3k,cab,4,6.94,2.86,9,9,8
1178,3k,click,17,6.94,2.6,39,7,11
2025,3k,east,12,6.94,3.56,38,55,74
2142,3k,fault,6,6.94,2.84,8,28,31
1130,lcnl,clank,3,6.95,2.74,,,
1204,3k,cloak,3,6.95,2.41,0,4,7
2094,3k,fade,2,6.95,2.67,1,2,2
2230,3k,film,,6.95,2.57,2,12,18
313,3k,bet,16,7,2.43,99,75,44
420,3k,blind,6,7,2.6,19,35,36
1644,3k,dawn,4,7,1.94,30,25,31
1749,3k,dip,2,7,2.81,8,3,5
1928,3k,drown,3,7,2.52,7,8,5
751,3k,bud,1,7.010335,1.5,39,19,12
1631,lcnl,darts,,7.031649,1.94,0,2,1
2055,3k,elk,1,7.05,4.68,8,9,6
393,3k,blast,2,7.06,3.02,2,11,13
1422,3k,crate,,7.06,2.29,8,6,5
1733,3k,dim,1,7.06,2.62,7,15,19
2273,lcnl,fizz,,7.06,1.89,,,
2380,lcnl,floss,,7.06,2.84,,,
825,3k,buzz,17,7.095591,2.54,3,10,7
143,3k,bait,1,7.11,2.08,8,6,7
991,3k,cheap,2,7.11,2.08,1,5,7
1504,3k,crowd,11,7.14,2.75,24,78,82
1898,3k,drill,,7.14,2.9,0,8,4
543,3k,booth,2,7.16,1.61,4,12,9
1320,lcnl,coo,3,7.16,3.79,,,
72,lcnl,ark,2,7.17,3.33,0,1,3
1035,lcnl,chimp,,7.17,3.28,0,0,0
2363,3k,flock,2,7.18,2.9,13,16,18
1526,3k,crutch,,7.21,2.86,0,0,0
1767,3k,dive,4,7.21,2.53,10,28,18
2300,lcnl,flap,15,7.21,3.07,2,7,5
599,3k,braid,1,7.22,3.67,0,1,1
1476,3k,crisp,5,7.22,2.84,1,1,3
910,3k,cast,5,7.24,3.16,4,11,20
150,3k,bald,1,7.26,3.35,18,5,6
2118,3k,fame,1,7.26,2.49,0,1,2
2242,3k,fink,1,7.27,1.19,,,
1183,3k,cliff,3,7.27676,1.51,52,25,24
511,3k,bolt,,7.28,2.63,3,2,8
2235,3k,fin,1,7.3,3.36,71,11,1
1534,3k,cube,,7.32,2.69,2,1,2
24,3k,aid,3,7.33,2.2,1,12,11
987,3k,chat,1,7.33,2.43,1,2,2
1697,3k,dent,,7.33,2.22,5,4,2
1378,3k,course,59,7.340702,1.96,92,203,278
1120,3k,clam,2,7.37,2.22,0,7,9
1708,lcnl,dew,2,7.37,2.59,0,7,6
1630,lcnl,dart,,7.38,2.97,2,1,10
2388,3k,flow,1,7.4,1.9,1,10,19
2306,lcnl,flash,2,7.42,2.46,42,41,32
2239,3k,fine,56,7.44,2.68,223,212,177
2233,3k,filth,,7.45,2.82,0,0,0
395,3k,blaze,25,7.47,2.37,0,1,4
1568,3k,curse,2,7.47,2.67,0,0,3
1763,3k,disk,,7.47,3.37,0,0,0
2344,3k,flight,3,7.47,4.15,6,14,23
973,3k,charge,9,7.5,3.2,21,25,38
1571,3k,curve,1,7.52,3.71,7,11,16
957,3k,champ,1,7.53,1.9,,,
1025,3k,chief,6,7.53,2.86,17,55,64
1363,3k,cot,,7.53,2.32,20,3,5
1961,3k,due,1,7.53,3.03,0,6,6
2104,3k,faint,6,7.53,2.12,4,9,21
2340,3k,flick,,7.55,3.1,0,0,1
874,unl,canned,,7.56,2.38,2,3,8
1460,3k,crew,1,7.56,2.66,12,28,33
2006,lcnl,dye,,7.56,2.41,2,2,3
2443,3k,fool,8,7.56,3.05,33,44,37
2017,3k,earn,,7.57,2.56,9,15,26
2429,3k,foil,,7.57,1.89,1,1,3
1522,3k,crush,,7.58,2.39,3,1,3
1852,3k,draft,,7.58,2.52,0,3,3
2463,3k,form,5,7.58,2.97,17,45,100
981,3k,chart,1,7.59,2.92,18,21,22
1782,3k,doe,,7.59647,2.22,0,2,4
1479,3k,croak,4,7.61,3.24,11,0,1
2109,3k,faith,,7.62,3.31,0,4,7
1349,3k,core,,7.63,3.67,0,1,2
1494,3k,crop,,7.63,2.36,7,10,13
1514,lcnl,cruel,,7.63,2.09,2,9,10
1997,3k,dwarf,,7.65,2.81,12,6,8
1469,3k,crime,1,7.67,3.2,0,3,12
1610,3k,damp,3,7.67,2.11,11,21,25
748,3k,buck,,7.68,3.16,31,16,11
1106,3k,chute,3,7.68,2.43,1,4,4
614,3k,brand,4,7.72,2.35,3,5,4
806,3k,burst,8,7.72,2.7,8,29,37
284,3k,beige,3,7.74,2.28,,,
1192,3k,cling,1,7.74,3.38,0,0,1
1632,3k,dash,2,7.74,2.92,1,6,10
1780,3k,dodge,,7.745668,2.45,0,1,2
144,lcnl,baits,,7.78,2.41,,,
960,3k,chance,14,7.78,2.1,51,90,100
594,3k,brag,,7.79,2.46,6,4,1
1441,3k,crease,,7.79,2.07,,,
2320,3k,flea,6,7.79,2.97,13,14,4
1508,3k,crown,8,7.8,3.35,7,8,8
2159,3k,feast,9,7.81,3.91,3,17,17
25,3k,aide,,7.83,3.31,0,1,1
1032,3k,chime,,7.83,2.57,,,
92,3k,ass,,7.84,3.11,0,0,2
1488,3k,crook,1,7.84,2.65,1,0,3
540,3k,boost,,7.89,2.87,0,0,1
589,3k,brace,,7.89,1.78,0,7,7
1078,3k,chow,,7.89,2.05,,,
1958,lcnl,dude,,7.89,2.83,0,1,3
1968,3k,duke,10,7.89,2.96,0,8,12
2346,lcnl,flinch,,7.89,3.1,,,
1924,3k,drought,,7.94,2.65,0,0,4
365,lcnl,blab,1,7.95,3.65,,,
476,3k,blush,,7.95,1.81,1,3,2
1433,lcnl,crazed,,7.95,2.3,,,
398,lcnl,bleach,1,8,3.25,0,1,0
513,3k,bomb,1,8,2.49,0,1,3
1449,3k,creep,6,8,2.38,11,11,9
1627,3k,darn,3,8,3.94,,,
1849,lcnl,doze,3,8,1.91,,,
647,lcnl,breasts,,8.027632,2.63,0,1,0
1970,3k,dull,3,8.05,2.46,30,17,19
2075,lcnl,etch,,8.06,2.67,,,
2218,3k,fig,,8.06,2.82,1,1,2
462,unl,blub,7,8.08,2.81,,,
976,3k,charm,,8.09,2.83,0,5,7
2455,3k,ford,,8.097349,3.74,17,12,17
768,3k,bulge,,8.1,2.93,0,1,0
1435,3k,creak,3,8.1,3.57,0,3,3
775,3k,bum,1,8.11,3.3,1,4,3
1158,lcnl,cleanse,,8.11,3.16,,,
1281,3k,code,3,8.11,2.79,4,7,5
1937,lcnl,drug,,8.11,2.62,0,3,4
526,unl,boob,,8.16,4.51,,,
2406,lcnl,flunk,,8.16,2.5,,,
2436,3k,folk,2,8.19,2.96,0,2,8
151,3k,bale,,8.2,2.5,0,0,1
1731,3k,dill,,8.203919,2.71,,,
588,lcnl,bra,,8.21,2.18,,,
2127,3k,fare,2,8.21,3.01,1,2,3
2224,3k,file,1,8.21,2.78,6,3,9
11,lcnl,ad,4,8.22,3.04,10,8,8
485,3k,boast,2,8.22,2.13,0,1,4
1254,lcnl,clunk,,8.22,3.52,,,
1775,3k,dock,3,8.22,3.87,31,17,13
881,unl,caped,,8.24,3.15,,,
1333,3k,coop,1,8.246547,2.76,,,
68,3k,arch,2,8.26,3.11,1,6,4
1006,3k,chef,1,8.3,4.6,0,0,2
1607,3k,damn,,8.3,2.23,0,5,7
2335,3k,flesh,,8.3,2.62,3,6,15
1083,3k,chrome,,8.32,3.28,,,
2328,3k,flee,2,8.33,2.72,0,1,1
385,3k,bland,,8.35,3.67,0,0,0
452,3k,blot,,8.38,3.52,0,0,1
1380,3k,court,4,8.39,2.62,3,24,32
2148,3k,fawn,,8.4,3.35,0,4,5
716,3k,brook,4,8.42,3.69,24,15,8
679,3k,brief,2,8.44,2.64,0,1,7
1543,3k,cuff,,8.44,2.79,0,0,1
1798,3k,dome,4,8.44,2.99,0,0,5
2415,3k,foal,3,8.44,2.48,13,0,3
2121,3k,fang,,8.47,3.01,53,20,0
2410,3k,flute,9,8.47,2.22,10,10,7
1407,3k,cramp,,8.5,2.75,,,
1500,3k,crouch,,8.5,2.38,,,
1688,3k,dell,,8.502315,4.9,,,
1098,3k,chunk,,8.53,3.63,2,2,2
1774,lcnl,doc,3,8.53,4.93,26,15,5
1957,3k,dud,,8.55,2.72,,,
2165,3k,fee,1,8.56,2.55,1,0,1
1004,lcnl,cheers,4,8.587917,3.83,3,3,4
1868,unl,drat,,8.6,2.85,,,
1466,lcnl,crick,,8.619542,2.44,,,
1250,3k,clump,3,8.62,3.04,9,4,5
213,3k,bass,,8.63,3.02,1,0,3
1142,lcnl,clasp,,8.63,2.81,,,
704,3k,broil,,8.65,2.83,,,
791,3k,bunt,,8.66217,3.96,,,
232,3k,bay,3,8.67,2.52,5,26,30
2188,3k,fern,,8.67,3.54,0,2,7
739,lcnl,brunch,1,8.68,3.22,,,
2338,3k,flex,,8.68,3.45,,,
2355,3k,flirt,,8.68,3.16,,,
76,unl,armed,,8.72,3.61,0,1,3
1992,3k,dusk,1,8.74,1.82,1,3,6
2081,unl,ex,,8.74,3.9,,,
2248,3k,fir,2,8.75,2.38,7,3,2
474,lcnl,blurt,,8.76,2.17,,,
247,3k,beam,3,8.78,2.9,8,8,11
1471,lcnl,crimp,,8.78,2.84,,,
1831,3k,doubt,2,8.79,3.26,2,15,22
465,3k,bluff,,8.82,2.6,0,1,3
5,3k,ace,,8.83,3.65,0,0,1
1226,3k,clothe,1,8.83,2.73,0,0,0
205,3k,bash,4,8.84,2.69,,,
1854,3k,drag,2,8.84,5.4,6,6,13
861,lcnl,calve,,8.843339,4.27,,,
27,lcnl,aids,2,8.89,2.51,0,0,0
1216,lcnl,clone,,8.89,3.32,,,
1896,3k,drift,2,8.89,3.48,0,6,4
549,3k,bore,4,8.907281,4.64,0,2,4
2236,lcnl,finch,2,8.907281,2.66,,,
2285,3k,flair,,8.907281,3.12,,,
1499,lcnl,crotch,,8.94,3.67,,,
470,3k,blur,,8.95,3.34,1,3,3
1140,3k,clash,,8.95,2.61,0,0,0
1739,3k,dine,1,8.95,4.02,1,1,1
2348,3k,fling,,8.95,4.05,0,0,0
373,lcnl,blah,4,8.98188,4.65,,,
1302,3k,colt,2,8.98188,2.56,1,24,19
201,3k,bas,,9,1.41,,,
567,3k,bound,1,9,3.09,0,7,11
601,3k,braille,,9,1.63,1,4,4
657,3k,breed,,9,3.45,0,0,0
724,3k,broth,3,9,3.73,0,0,0
1103,3k,churn,3,9,4.02,3,3,1
1163,3k,cleat,,9,2.69,,,
1512,unl,crud,,9,2.96,,,
1738,3k,din,,9,3.63,0,0,1
2213,3k,fierce,4,9.04,3.07,0,13,15
621,3k,brass,5,9.05,3.54,1,8,9
1115,3k,claim,,9.05,3.29,1,5,8
1352,3k,cork,7,9.05,3.24,0,4,4
102,lcnl,awe,,9.06,3.87,0,2,3
664,3k,brew,2,9.06,2.08,,,
2059,3k,elm,,9.06,4.35,1,1,3
1315,lcnl,conk,,9.07,3.71,,,
1432,3k,craze,1,9.1,2.36,,,
1265,3k,coarse,,9.11,2.68,1,0,1
1331,lcnl,coon,,9.11,4.13,,,
1473,lcnl,cringe,,9.11,3.22,,,
1865,3k,drape,,9.11,3.39,,,
2023,3k,ease,,9.11,2.49,0,1,5
1424,3k,crave,,9.17,3.31,,,
1444,3k,creed,,9.17,4.19,0,0,0
1219,lcnl,clop,,9.19,3.69,,,
629,3k,brawl,,9.2,2.59,,,
508,3k,bold,3,9.21,2.68,2,5,6
1978,lcnl,dunce,1,9.21,2.99,,,
2438,3k,fond,11,9.21,2.42,9,7,12
863,3k,cam,1,9.226991,2.85,8,8,4
815,3k,bust,2,9.23,4.13,0,1,1
1093,3k,chum,1,9.24,2.51,6,2,1
753,3k,budge,2,9.25,3.24,0,2,3
929,3k,cease,1,9.26,2.51,0,0,1
1943,3k,drunk,2,9.26,3.31,6,9,7
185,3k,barge,1,9.28,3.37,5,6,2
453,lcnl,blotch,,9.28,4.13,,,
2079,3k,ewe,,9.31,4.29,0,0,1
804,3k,burr,,9.33,4.1,0,1,0
1515,3k,cruise,,9.33,2.61,0,0,0
971,3k,char,,9.344218,2.45,,,
1790,3k,dole,,9.35,3.67,,,
1889,lcnl,drench,,9.35,2.72,,,
499,3k,bog,1,9.37,3,5,0,0
1090,lcnl,chug,7,9.37,3.7,,,
1112,unl,clack,27,9.38,3.54,,,
1212,3k,clog,,9.39,3.33,,,
66,3k,arc,,9.418817,3.52,0,0,2
1809,3k,doom,,9.42,3.22,0,0,0
1194,lcnl,clink,,9.44,4.44,,,
1340,3k,cope,,9.44,3.03,0,0,1
1814,3k,dope,2,9.44,3.33,2,7,5
1879,3k,dread,1,9.44,2.73,0,1,5
1962,3k,duel,,9.45,2.67,,,
406,3k,bleep,,9.47,2.27,,,
1021,3k,chic,,9.53,3.41,,,
1127,3k,clang,19,9.53,3.74,12,5,4
1561,3k,cure,3,9.58,3.92,1,4,6
164,lcnl,bane,,9.6,2.92,,,
2350,3k,flint,,9.6213,3.42,0,0,6
1382,3k,cove,,9.63,2.5,1,2,3
1311,lcnl,con,,9.64,3.17,21,7,3
1979,3k,dune,3,9.65,2.6,5,8,1
1289,3k,coil,1,9.67,3.6,0,1,2
2151,unl,fax,,9.68,3.31,,,
114,lcnl,aye,3,9.685242,3.78,2,7,8
28,3k,ail,,9.71,2.37,,,
1073,3k,chord,,9.71,4.84,,,
1674,3k,deed,1,9.72,3.86,2,3,4
1699,3k,depth,,9.72,3.32,0,3,4
2097,lcnl,fag,,9.72,3.01,,,
667,3k,bribe,,9.74,2.68,,,
2314,unl,flawed,,9.74,2.79,,,
1747,3k,dint,,9.75,3.59,,,
2313,3k,flaw,,9.78,1.96,0,0,0
2458,3k,forge,,9.8,1.74,0,1,1
464,lcnl,blues,,9.81,3.16,1,1,3
727,3k,brow,,9.82,3.64,0,1,4
481,3k,boar,2,9.83,3.82,0,1,3
323,3k,bid,3,9.84,3.3,0,1,2
2303,3k,flare,,9.84,2.75,2,4,2
177,lcnl,barb,,9.877068,3.62,,,
2190,unl,fest,,9.88,2.75,,,
69,unl,arched,,9.89,4.57,0,0,1
733,unl,browse,,9.89,2.97,,,
1172,3k,clench,,9.89,3.7,,,
1482,lcnl,crock,,9.89,2.3,,,
1819,3k,dorm,,9.89,3.21,,,
2119,unl,famed,,9.89,1.91,0,0,0
46,lcnl,alms,,9.91,3.99,,,
363,lcnl,biz,,9.93,3.05,,,
611,3k,bran,,9.95,3.3,2,1,3
2423,3k,foe,,9.95,2.8,0,0,0
178,unl,barbed,1,10,3.5,0,0,0
709,3k,bronze,,10,3.06,0,0,2
710,unl,bronzed,,10,3.77,,,
932,3k,cell,,10,2.29,4,8,27
968,3k,chap,1,10,2.13,1,1,1
1359,3k,corpse,,10,2.92,0,1,2
1649,lcnl,daze,,10,2.52,,,
1759,3k,disc,,10,4.14,0,0,0
632,3k,brawn,,10.06,2.33,,,
2381,unl,flounce,,10.07,5.21,,,
1822,3k,dose,1,10.1,3.61,0,1,1
2402,3k,fluke,,10.1,2.63,,,
161,3k,ban,,10.11,3.56,0,0,0
357,3k,bitch,,10.11,2.19,0,1,1
1911,3k,drone,,10.11,3.09,0,1,1
1917,3k,droop,1,10.12,3.84,1,0,0
42,3k,ale,2,10.16,4.31,0,2,1
135,3k,bail,,10.16,5.04,0,0,1
427,3k,bliss,1,10.16,2.29,,,
410,3k,blend,,10.17,3.6,0,0,0
696,3k,brisk,,10.17,2.87,2,3,4
1114,3k,clad,,10.17,3.15,0,0,0
1559,3k,curd,,10.17,3.42,,,
1637,lcnl,daub,,10.17,2.72,,,
2186,lcnl,fend,,10.18,2.1,,,
979,lcnl,charred,,10.2,4.35,0,0,0
1696,3k,dense,,10.2,2.33,0,0,3
2329,unl,fleece,2,10.2,3.81,0,0,1
517,3k,bond,,10.207435,4.16,1,0,0
770,3k,bulk,,10.21,2.8,0,0,1
389,lcnl,blare,,10.22,2.26,,,
344,3k,bind,,10.24,2.95,0,0,0
1257,3k,clutch,2,10.24,2.43,1,1,1
944,lcnl,chaff,,10.25,4.06,,,
2093,3k,fad,,10.25,2.97,0,3,1
158,lcnl,balm,,10.28,5.27,,,
1676,3k,deem,,10.28,2.02,,,
2138,3k,fate,1,10.3,2.83,0,1,2
1405,3k,cram,,10.32,3.35,,,
2368,3k,flog,,10.32,3.23,,,
1039,unl,chine,,10.33,3.5,,,
1705,unl,deuce,,10.33,3.5,,,
2195,3k,feud,,10.33,2.77,0,0,0
1601,3k,dale,,10.335319,3.82,1,4,3
1457,3k,crest,,10.35,3.17,0,0,4
289,3k,belle,,10.36729,3.84,0,2,1
2211,3k,fiend,,10.39,2.81,0,0,0
429,3k,blitz,,10.4,3.2,0,0,2
1439,unl,creamed,,10.4,3.44,,,
103,unl,awed,1,10.41,3.14,0,0,0
546,3k,booze,,10.42,2.93,,,
703,lcnl,brogue,,10.44,3.91,,,
1668,3k,debt,,10.44,3.91,0,1,3
694,3k,brink,,10.47,3.94,0,0,0
714,3k,brood,,10.47,4.09,0,0,1
1041,lcnl,chink,,10.47,3.83,,,
700,3k,broad,3,10.5,3.63,4,11,24
1312,unl,conch,,10.5,3.94,,,
559,lcnl,botch,,10.53,3.39,,,
1210,3k,clod,,10.59,3.5,,,
2015,3k,earl,,10.59,3,0,8,8
2312,lcnl,flaunt,,10.59,3.3,,,
1086,lcnl,chub,,10.6,4.85,,,
2357,lcnl,flit,,10.6,2.63,,,
229,lcnl,bawl,,10.62,3.63,,,
2106,unl,faire,,10.62,3.07,,,
636,lcnl,braze,,10.623058,2.55,,,
1548,3k,cult,,10.63,3.27,0,0,0
1935,unl,drudge,,10.65,3.92,,,
687,3k,brim,,10.68,3.02,0,0,1
1531,3k,crypt,,10.68,2.77,,,
90,lcnl,asp,,10.69,3.16,,,
1057,unl,chock,,10.69,4.37,,,
1486,3k,crone,,10.69,3.12,,,
712,3k,brooch,,10.71,2.73,,,
698,3k,broach,,10.72,2.95,,,
1108,3k,cinch,,10.72,4.17,,,
1955,3k,duct,,10.74,2.86,0,0,0
2333,3k,fleet,,10.74,2.45,1,1,3
106,lcnl,awl,1,10.75,4.16,,,
2001,3k,dwell,6,10.78,3.61,1,0,0
2308,3k,flask,,10.78,3.86,0,0,1
1356,unl,corned,,10.79,4.61,,,
2153,3k,faze,,10.81,3.85,,,
349,3k,birch,,10.836198,4.29,0,2,5
744,3k,brute,,10.85,3.27,1,4,3
1538,3k,cud,,10.85,3.76,,,
108,3k,awn,,10.86,4.18,,,
1236,3k,clove,,10.88,3,,,
1122,3k,clamp,,10.89,4.43,,,
1453,3k,crepe,,10.89,4.42,,,
1540,3k,cue,,10.89,4.09,0,0,1
1718,3k,dick,1,10.89,2.99,26,39,35
495,lcnl,bode,,10.93,3.56,,,
2397,lcnl,flue,,10.93,3.81,,,
400,3k,bleak,1,10.94,3.33,0,0,1
1190,3k,clinch,,10.94,4.32,,,
207,lcnl,bask,1,10.95,2.41,,,
1095,3k,chump,,10.95,4.42,,,
215,lcnl,baste,,11,3.67,,,
1847,unl,dowse,,11,2.47,,,
468,3k,blunt,,11.05,2.7,0,0,0
1126,3k,clan,,11.05,2.17,0,0,1
1224,3k,clot,,11.05,3.66,0,0,0
1981,3k,dung,,11.05,5.41,0,0,0
1949,lcnl,dub,1,11.06,3.67,,,
1055,3k,chive,,11.070652,5.01,,,
1513,3k,crude,1,11.11,3.29,0,0,1
1851,3k,drab,,11.11,3.02,0,0,0
2031,3k,ebb,,11.12,3.69,0,0,0
1682,3k,deft,1,11.13,4.34,,,
1872,3k,drawl,,11.17,3.07,,,
2252,3k,firm,2,11.17,3.67,3,8,18
308,3k,berth,,11.2,3.47,,,
327,lcnl,bier,,11.22,4.38,,,
1795,lcnl,dolt,,11.23,4.51,,,
1414,3k,crank,1,11.25,3.58,2,0,1
2161,3k,feat,,11.26,4.04,0,0,1
2214,3k,fife,1,11.283792,3.97,6,2,3
425,lcnl,blip,,11.31,4.63,,,
1277,3k,cock,33,11.32,3.45,0,1,1
818,lcnl,butch,,11.32642,4.16,73,10,1
1284,lcnl,cog,,11.33,3.65,,,
2277,unl,flab,,11.33,3.03,,,
641,3k,breadth,,11.38,4.69,0,0,0
2322,3k,fleck,1,11.41,4.5,,,
892,lcnl,carp,1,11.42,4.9,,,
1597,unl,dag,,11.43,7,,,
1054,unl,chit,,11.45,3.86,,,
2305,lcnl,flares,,11.45,3.32,1,1,0
620,3k,brash,,11.47,2.99,,,
1271,3k,coax,,11.47,2.44,1,0,0
1827,lcnl,dote,,11.47,3.81,,,
1280,3k,cod,1,11.5,4.14,1,1,1
1690,lcnl,delve,1,11.5,3.41,,,
1931,unl,drowse,,11.5,3.78,,,
2439,3k,font,,11.5,4.9,,,
1401,3k,crag,,11.54,2.93,,,
431,3k,bloat,,11.56,4.49,,,
471,lcnl,blurb,,11.56,3.65,,,
1358,3k,corps,,11.56,2.5,0,0,1
1683,lcnl,deign,,11.58,3.68,,,
786,lcnl,bung,,11.6,3.72,,,
1752,3k,dire,,11.63,2.67,,,
1456,lcnl,cress,,11.64,3.88,,,
1801,lcnl,don,3,11.64613,4.08,211,48,16
335,3k,bile,,11.67,2.93,0,0,0
1391,3k,coy,,11.67,2.89,,,
2394,lcnl,flub,,11.67,3.18,,,
941,3k,chafe,,11.68,2.75,,,
268,3k,beech,1,11.69,3.14,0,0,1
1583,3k,czar,,11.71,3,0,0,0
2449,lcnl,fop,,11.71,3.5,,,
637,3k,breach,,11.72,2.89,0,0,0
416,3k,blight,,11.73,2.89,0,0,0
328,lcnl,biff,,11.7357,5.78,,,
756,3k,buff,,11.74,5.14,0,0,0
175,unl,bap,,11.75,3.39,,,
262,3k,beck,,11.7527,3.72,,,
47,lcnl,alp,,11.77,3.83,,,
562,3k,bough,3,11.79,4.73,0,1,2
655,lcnl,breech,,11.79,3.39,0,0,0
1604,3k,dame,9,11.79,2.82,0,2,3
1581,3k,cyst,,11.81,2.59,,,
1988,lcnl,dupe,,11.81,2.07,,,
571,3k,bout,6,11.83,2.83,1,2,1
1169,3k,cleft,,11.83,2.64,0,0,0
1885,unl,drear,,11.92,2.75,,,
896,unl,carte,,11.93,3.22,,,
796,3k,burl,,11.96584,6.07,,,
141,unl,bairn,,12,2,,,
1181,unl,client,,12.05,3.3,0,0,0
1374,3k,coup,,12.06,3.47,0,0,0
1860,3k,drake,6,12.07,4.12,0,2,2
51,lcnl,amp,,12.11,2.42,,,
989,3k,chaw,,12.11,5.71,,,
1528,3k,crux,,12.11,3.68,,,
628,unl,braw,,12.12,4.29,,,
2126,3k,farce,,12.12,2.99,,,
1640,3k,daunt,,12.13,2.36,,,
538,unl,boor,,12.14,3.92,,,
172,unl,banns,,12.15,3.21,,,
2297,3k,flank,,12.15,3.56,1,0,0
1149,3k,clause,,12.16,3.52,0,0,0
2457,3k,fore,,12.17,3.99,0,0,0
794,unl,burg,,12.18,2.56,,,
2282,3k,flail,,12.19,3.45,,,
260,3k,beau,,12.232265,3.32,,,
1596,lcnl,daft,,12.26,4.49,,,
2317,lcnl,flay,,12.29,3.64,,,
1024,3k,chide,,12.33,2.99,,,
2257,lcnl,firth,,12.33,5.2,,,
1621,3k,dank,2,12.37,4.3,,,
2421,lcnl,fob,,12.38,3.86,,,
2030,unl,eaves,,12.4,4.66,0,0,1
2404,lcnl,flume,,12.4,3.85,,,
2275,unl,fjord,,12.41,4.5,,,
1201,lcnl,clique,,12.42,2.32,,,
2316,3k,flax,1,12.445405,4.36,0,2,3
1729,3k,dike,,12.47,2.94,0,6,5
65,3k,apt,1,12.5,4.18,0,0,1
1886,lcnl,dredge,,12.5,2.5,,,
2057,lcnl,ell,1,12.5,5.93,,,
740,3k,brunt,,12.52,3.17,,,
336,3k,bilge,,12.53,4,,,
1869,3k,draught,,12.53,4.58,0,0,0
1047,unl,chintz,,12.54,2.88,,,
1168,lcnl,clef,,12.56,3.55,,,
1838,3k,douse,,12.56,2.89,,,
1427,unl,craw,,12.62,2.72,,,
2294,unl,flan,,12.65,4.2,,,
2207,unl,fief,,12.67,2.42,,,
678,unl,brie,,12.69,4.24,,,
1574,3k,cusp,,12.69,3.07,,,
2175,3k,feint,,12.73,2.72,,,
64,unl,apse,,12.743801,3.71,,,
1502,lcnl,croup,,12.79,3.36,,,
682,3k,brig,,12.82,3.84,,,
1337,lcnl,coot,,12.85,3.36,,,
180,3k,bard,,12.86,3.03,0,0,2
401,3k,bleat,,12.92,5.14,,,
153,lcnl,balk,,12.93,4.5,,,
535,3k,boon,1,12.94,4.12,,,
1375,3k,coupe,3,13,4.04,,,
1787,unl,doge,,13,5.7,,,
1977,3k,dun,2,13,2.92,,,
2071,3k,err,,13.06,2.77,,,
911,3k,caste,,13.07,2.97,0,0,0
1910,unl,droll,,13.08,3.35,,,
2432,3k,foist,,13.08,4.03,,,
986,lcnl,chaste,,13.11,4.04,,,
56,3k,angst,,13.12,2.92,,,
382,3k,blanch,,13.12,3.24,,,
907,3k,cask,,13.12,5.4,,,
1862,3k,dram,,13.13,4.31,,,
1837,3k,dour,,13.14,3.01,,,
2147,unl,faux,,13.25,3.67,,,
1109,3k,cite,,13.29,3.46,0,0,0
1443,3k,creche,,13.29,3.9,,,
1165,lcnl,cleave,,13.31,3.59,,,
953,3k,chaise,,13.33,2.74,,,
1491,3k,croon,,13.33,3.39,,,
1833,unl,douche,,13.39,2.4,,,
1570,3k,curt,,13.41,3.36,0,6,3
1888,unl,dregs,,13.479134,4.87,,,
1012,unl,chert,,13.5,2.12,,,
2051,unl,eke,,13.5,4.31,,,
1386,3k,cowl,,13.53,4.62,,,
324,3k,bide,,13.56,3.29,,,
2287,lcnl,flak,,13.56,4.77,,,
832,unl,byte,,13.57,5.5,,,
605,lcnl,braise,,13.607018,4.77,,,
1188,lcnl,clime,,13.67,5.08,,,
2009,3k,dyke,,13.67,2.91,,,
1421,3k,crass,1,13.69,2.32,,,
2182,unl,femme,,13.71,3.04,,,
2144,lcnl,faun,,13.72,4.69,,,
1551,lcnl,cunt,,13.74,2.51,,,
2326,lcnl,fledge,,13.77,3.42,,,
1657,3k,dean,1,13.77753,3.78,40,1,6
228,unl,baud,,13.78,3.93,,,
606,unl,braised,,13.83,4.42,,,
337,lcnl,bilk,,13.88,2.36,,,
441,3k,bloke,,13.88,4.69,,,
18,3k,aft,,13.8841,3.72,0,0,0
2172,lcnl,feign,,13.93,3.35,,,
355,lcnl,bisque,,14,3.85,,,
972,unl,chard,,14,3.42,,,
1687,unl,delft,,14,5.87,,,
1101,unl,churl,,14.07,2.92,,,
522,3k,bong,,14.16,5.07,,,
1753,3k,dirge,,14.17,3.07,,,
2204,3k,fiche,,14.17,3.56,,,
2366,3k,floe,,14.17,4.11,,,
690,lcnl,brine,,14.25,4.74,0,0,1
1592,lcnl,dace,,14.25,4.03,,,
1662,3k,dearth,,14.27,3.85,,,
1824,unl,doss,,14.38,2.67,,,
2193,3k,fete,,14.46,3.91,,,
408,unl,blench,,14.5,0.71,,,
1241,lcnl,cloy,,14.5,4.17,,,
1784,lcnl,doff,,14.5,4.9,,,
2386,lcnl,flout,,14.5,5.13,,,
2412,3k,flux,,14.5,3.31,0,0,0
1555,3k,cur,,14.6,5.97,,,
1877,unl,dray,,14.6,4.1,,,
2028,unl,eau,,14.71,3.4,,,
743,unl,brusque,,14.77,2.8,,,
837,3k,cache,,15.05,2.68,,,
840,unl,cadge,,15.2,2.39,,,
347,3k,binge,,15.22,4.05,,,
847,unl,cairn,,15.27,4.96,,,
785,unl,bund,,15.36,4.34,,,
2295,3k,flange,,15.47,3.72,,,
931,lcnl,cede,,15.5,3.17,,,
1546,3k,cull,,15.79,4.85,,,
2069,lcnl,erg,,15.88,4.39,,,
1287,unl,coif,,16,3.02,,,
2108,unl,fait,,16,2.29,,,
428,3k,blithe,1,16.13,3.87,,,
2183,3k,fen,,16.64,4.52,,,
1234,3k,clout,,16.86,2.91,,,
1923,3k,dross,,17.25,5.47,,,
